Day_of_Semester,Week_Number,Is_Post_Lunch_Class,Previous_Lecture_Attendance_Pct,Gap_Since_Previous_Lecture_Days,Rolling_Avg_3_Lectures,Is_Consecutive,Consecutive_Lecture_Count,Month,Monthly_Expanding_Mean,Is_Holiday_Adjacent,Week_Before_Exam_Flag,Day_of_Week_Monday,Day_of_Week_Saturday,Day_of_Week_Thursday,Day_of_Week_Tuesday,Day_of_Week_Wednesday,Subject_CI/CD Session,Subject_DS & ML Practical,Subject_Data Science & Machine Learning,Subject_Industry Readiness Program,Subject_Innovation & Entrepreneurship Development,Subject_Innovation and Entrepreneurship Development,Subject_MAD Practical,Subject_Mini Project,Subject_Mobile Application Development,Subject_Principles of Cloud Management & Security,Subject_Principles of Cloud Management and Security,Subject_STQA Hands-on,Subject_STQA Practical,Subject_Soft Skill Evaluation,Subject_Software Testing & Quality Assurance,Subject_Software Testing and Quality Assurance,Weather_Rainy,Weather_Sunny,Practical_Theory_Practical,Practical_Theory_Rainy,Practical_Theory_Sunny,Practical_Theory_Theory,Time_of_Day_Cluster_Morning
-1.7624623178674599,-1.8238480938856318,-0.4649905549752772,-1.3567706263540475,-0.9421169073712581,-3.164046920764821,0.7115308500884661,-0.8431726458912989,-1.4187287085219529,-2.277295922863333,0.0,-0.5431059093556048,-0.4694027940381773,-0.3333333333333333,-0.4694027940381773,-0.4694027940381773,-0.4694027940381773,0.0,-0.19355613383523898,-0.3485617981116172,-0.19355613383523898,0.0,-0.3485617981116172,-0.26726124191242434,-0.1856953381770519,1.3301243435223524,0.0,-0.3485617981116172,0.0,-0.19355613383523898,0.0,0.0,-0.3435293617149026,2.23606797749979,-1.3064328981211524,-0.5602397818244311,0.0,0.0,0.5602397818244311,0.4649905549752772
-1.7624623178674599,-1.8238480938856318,-0.4649905549752772,1.2872927873204518,-0.9421169073712581,1.9648469309181982,0.7115308500884661,-0.8115371948729698,-1.4187287085219529,1.714815599537536,0.0,-0.5431059093556048,-0.4694027940381773,-0.3333333333333333,-0.4694027940381773,-0.4694027940381773,-0.4694027940381773,0.0,-0.19355613383523898,-0.3485617981116172,-0.19355613383523898,0.0,-0.3485617981116172,-0.26726124191242434,-0.1856953381770519,1.3301243435223524,0.0,-0.3485617981116172,0.0,-0.19355613383523898,0.0,0.0,-0.3435293617149026,2.23606797749979,-1.3064328981211524,-0.5602397818244311,0.0,0.0,0.5602397818244311,0.4649905549752772
-1.7624623178674599,-1.8238480938856318,-0.4649905549752772,1.2020284850696783,-0.9421169073712581,-3.164046920764821,0.7115308500884661,-0.8431726458912989,-1.4187287085219529,-2.277295922863333,0.0,-0.5431059093556048,-0.4694027940381773,-0.3333333333333333,-0.4694027940381773,-0.4694027940381773,-0.4694027940381773,0.0,-0.19355613383523898,2.868931722918695,-0.19355613383523898,0.0,-0.3485617981116172,-0.26726124191242434,-0.1856953381770519,-0.7518094115561123,0.0,-0.3485617981116172,0.0,-0.19355613383523898,0.0,0.0,-0.3435293617149026,-0.4472135954999579,0.7654430636568867,-0.5602397818244311,0.0,0.0,0.5602397818244311,0.4649905549752772
-1.7624623178674599,-1.8238480938856318,-0.4649905549752772,0.05096040468423482,-0.9421169073712581,-3.164046920764821,0.7115308500884661,-0.8431726458912989,-1.4187287085219529,-2.277295922863333,0.0,-0.5431059093556048,-0.4694027940381773,-0.3333333333333333,-0.4694027940381773,-0.4694027940381773,-0.4694027940381773,0.0,-0.19355613383523898,-0.3485617981116172,-0.19355613383523898,0.0,-0.3485617981116172,-0.26726124191242434,-0.1856953381770519,-0.7518094115561123,0.0,2.868931722918695,0.0,-0.19355613383523898,0.0,0.0,-0.3435293617149026,-0.4472135954999579,0.7654430636568867,-0.5602397818244311,0.0,0.0,0.5602397818244311,0.4649905549752772
-1.647059183194436,-1.5551961651627073,-0.4649905549752772,-1.3567706263540475,0.26058552757077347,1.882150057363585,-1.4054204394309369,-0.8115371948729698,-1.4187287085219529,1.65044789154226,0.0,-0.5431059093556048,2.130366526788651,-0.3333333333333333,-0.4694027940381773,-0.4694027940381773,-0.4694027940381773,0.0,-0.19355613383523898,-0.3485617981116172,-0.19355613383523898,0.0,-0.3485617981116172,-0.26726124191242434,-0.1856953381770519,1.3301243435223524,0.0,-0.3485617981116172,0.0,-0.19355613383523898,0.0,0.0,-0.3435293617149026,-0.4472135954999579,-1.3064328981211524,-0.5602397818244311,0.0,0.0,0.5602397818244311,0.4649905549752772
-1.647059183194436,-1.5551961651627073,-0.4649905549752772,0.3067533114365557,-0.9421169073712581,1.2757063179630925,0.7115308500884661,-0.7799017438546407,-1.4187287085219529,1.1784180329102394,0.0,1.8412614975714408,2.130366526788651,-0.3333333333333333,-0.4694027940381773,-0.4694027940381773,-0.4694027940381773,0.0,-0.19355613383523898,-0.3485617981116172,-0.19355613383523898,0.0,-0.3485617981116172,-0.26726124191242434,-0.1856953381770519,1.3301243435223524,0.0,-0.3485617981116172,0.0,-0.19355613383523898,0.0,0.0,-0.3435293617149026,-0.4472135954999579,-1.3064328981211524,-0.5602397818244311,0.0,0.0,0.5602397818244311,0.4649905549752772
-1.647059183194436,-1.5551961651627073,-0.4649905549752772,-0.24746465319347272,-0.9421169073712581,-3.164046920764821,0.7115308500884661,-0.8431726458912989,-1.4187287085219529,-2.277295922863333,0.0,-0.5431059093556048,2.130366526788651,-0.3333333333333333,-0.4694027940381773,-0.4694027940381773,-0.4694027940381773,0.0,-0.19355613383523898,-0.3485617981116172,-0.19355613383523898,0.0,2.868931722918695,-0.26726124191242434,-0.1856953381770519,-0.7518094115561123,0.0,-0.3485617981116172,0.0,-0.19355613383523898,0.0,0.0,-0.3435293617149026,-0.4472135954999579,0.7654430636568867,-0.5602397818244311,0.0,0.0,0.5602397818244311,0.4649905549752772
-1.647059183194436,-1.5551961651627073,-0.4649905549752772,-0.41886330159553803,-0.9421169073712581,-1.3447157025633425,0.7115308500884661,-0.8115371948729698,-1.4187287085219529,-0.8612063469672696,0.0,-0.5431059093556048,2.130366526788651,-0.3333333333333333,-0.4694027940381773,-0.4694027940381773,-0.4694027940381773,0.0,-0.19355613383523898,-0.3485617981116172,-0.19355613383523898,0.0,2.868931722918695,-0.26726124191242434,-0.1856953381770519,-0.7518094115561123,0.0,-0.3485617981116172,0.0,-0.19355613383523898,0.0,0.0,-0.3435293617149026,-0.4472135954999579,0.7654430636568867,-0.5602397818244311,0.0,0.0,0.5602397818244311,0.4649905549752772
-1.647059183194436,-1.5551961651627073,2.1505813167606567,-0.16220035094269908,-0.9421169073712581,-3.164046920764821,0.7115308500884661,-0.8431726458912989,-1.4187287085219529,-2.277295922863333,0.0,-0.5431059093556048,2.130366526788651,-0.3333333333333333,-0.4694027940381773,-0.4694027940381773,-0.4694027940381773,0.0,-0.19355613383523898,-0.3485617981116172,-0.19355613383523898,0.0,-0.3485617981116172,-0.26726124191242434,-0.1856953381770519,-0.7518094115561123,0.0,-0.3485617981116172,0.0,5.166459880063687,0.0,0.0,-0.3435293617149026,-0.4472135954999579,0.7654430636568867,1.7849500025569083,0.0,0.0,-1.7849500025569083,-2.1505813167606562
-1.6085914716367613,-1.5551961651627073,-0.4649905549752772,-1.3567706263540475,-0.5412160957239143,0.2833438353077393,0.7115308500884661,-0.7482662928363116,-1.4187287085219529,0.7332080526095829,0.0,-0.5431059093556048,-0.4694027940381773,-0.3333333333333333,-0.4694027940381773,2.130366526788651,-0.4694027940381773,0.0,-0.19355613383523898,-0.3485617981116172,-0.19355613383523898,0.0,-0.3485617981116172,-0.26726124191242434,-0.1856953381770519,1.3301243435223524,0.0,-0.3485617981116172,0.0,-0.19355613383523898,0.0,0.0,-0.3435293617149026,2.23606797749979,-1.3064328981211524,-0.5602397818244311,0.0,0.0,0.5602397818244311,0.4649905549752772
-1.6085914716367613,-1.5551961651627073,-0.4649905549752772,-0.2048325020680859,-0.9421169073712581,-0.6263217737929991,0.7115308500884661,-0.7166308418179825,-1.4187287085219529,0.47895560602824416,0.0,-0.5431059093556048,-0.4694027940381773,-0.3333333333333333,-0.4694027940381773,2.130366526788651,-0.4694027940381773,0.0,-0.19355613383523898,-0.3485617981116172,-0.19355613383523898,0.0,-0.3485617981116172,-0.26726124191242434,-0.1856953381770519,1.3301243435223524,0.0,-0.3485617981116172,0.0,-0.19355613383523898,0.0,0.0,-0.3435293617149026,-0.4472135954999579,0.7654430636568867,-0.5602397818244311,0.0,0.0,0.5602397818244311,0.4649905549752772
-1.6085914716367613,-1.5551961651627073,-0.4649905549752772,0.34938546256194236,0.6614863392181173,-1.4274125761179552,-1.4054204394309369,-0.8431726458912989,-1.4187287085219529,-0.9255740549625452,0.0,-0.5431059093556048,-0.4694027940381773,-0.3333333333333333,-0.4694027940381773,2.130366526788651,-0.4694027940381773,0.0,-0.19355613383523898,-0.3485617981116172,-0.19355613383523898,0.0,-0.3485617981116172,-0.26726124191242434,-0.1856953381770519,-0.7518094115561123,0.0,2.868931722918695,0.0,-0.19355613383523898,0.0,0.0,-0.3435293617149026,-0.4472135954999579,0.7654430636568867,-0.5602397818244311,0.0,0.0,0.5602397818244311,0.4649905549752772
-1.6085914716367613,-1.5551961651627073,-0.4649905549752772,0.05096040468423482,0.6614863392181173,-0.4333624021655699,-1.4054204394309369,-0.8431726458912989,-1.4187287085219529,-0.15184793232545674,0.0,-0.5431059093556048,-0.4694027940381773,-0.3333333333333333,-0.4694027940381773,2.130366526788651,-0.4694027940381773,0.0,-0.19355613383523898,2.868931722918695,-0.19355613383523898,0.0,-0.3485617981116172,-0.26726124191242434,-0.1856953381770519,-0.7518094115561123,0.0,-0.3485617981116172,0.0,-0.19355613383523898,0.0,0.0,-0.3435293617149026,2.23606797749979,-1.3064328981211524,-0.5602397818244311,0.0,0.0,0.5602397818244311,0.4649905549752772
-1.6085914716367613,-1.5551961651627073,2.1505813167606567,0.9036034271919707,-0.9421169073712581,-3.164046920764821,0.7115308500884661,-0.8431726458912989,-1.4187287085219529,-2.277295922863333,0.0,1.8412614975714408,-0.4694027940381773,-0.3333333333333333,-0.4694027940381773,2.130366526788651,-0.4694027940381773,0.0,5.166459880063687,-0.3485617981116172,-0.19355613383523898,0.0,-0.3485617981116172,-0.26726124191242434,-0.1856953381770519,-0.7518094115561123,0.0,-0.3485617981116172,0.0,-0.19355613383523898,0.0,0.0,-0.3435293617149026,-0.4472135954999579,0.7654430636568867,1.7849500025569083,0.0,0.0,-1.7849500025569083,-2.1505813167606562
-1.5701237600790867,-1.5551961651627073,-0.4649905549752772,-1.3567706263540475,-0.5412160957239143,-0.5987561492747957,0.7115308500884661,-0.6849953907996534,-1.4187287085219529,0.4489173422971152,0.0,-0.5431059093556048,-0.4694027940381773,-0.3333333333333333,-0.4694027940381773,-0.4694027940381773,2.130366526788651,0.0,-0.19355613383523898,-0.3485617981116172,-0.19355613383523898,0.0,-0.3485617981116172,-0.26726124191242434,-0.1856953381770519,1.3301243435223524,0.0,-0.3485617981116172,0.0,-0.19355613383523898,0.0,0.0,-0.3435293617149026,-0.4472135954999579,0.7654430636568867,-0.5602397818244311,0.0,0.0,0.5602397818244311,0.4649905549752772
-1.5701237600790867,-1.5551961651627073,-0.4649905549752772,-0.07693604869192547,-0.9421169073712581,-0.48849365120197863,0.7115308500884661,-0.6533599397813245,-1.4187287085219529,0.33550757106734486,0.0,-0.5431059093556048,-0.4694027940381773,-0.3333333333333333,-0.4694027940381773,-0.4694027940381773,2.130366526788651,0.0,-0.19355613383523898,-0.3485617981116172,-0.19355613383523898,0.0,-0.3485617981116172,-0.26726124191242434,-0.1856953381770519,1.3301243435223524,0.0,-0.3485617981116172,0.0,-0.19355613383523898,0.0,0.0,-0.3435293617149026,-0.4472135954999579,0.7654430636568867,-0.5602397818244311,0.0,0.0,0.5602397818244311,0.4649905549752772
-1.5701237600790867,-1.5551961651627073,-0.4649905549752772,-0.07693604869192547,-0.9421169073712581,-3.164046920764821,0.7115308500884661,-0.8431726458912989,-1.4187287085219529,-2.277295922863333,0.0,-0.5431059093556048,-0.4694027940381773,-0.3333333333333333,-0.4694027940381773,-0.4694027940381773,2.130366526788651,0.0,-0.19355613383523898,-0.3485617981116172,-0.19355613383523898,0.0,-0.3485617981116172,-0.26726124191242434,-0.1856953381770519,-0.7518094115561123,0.0,-0.3485617981116172,0.0,-0.19355613383523898,0.0,0.0,2.910959328215754,-0.4472135954999579,0.7654430636568867,-0.5602397818244311,0.0,0.0,0.5602397818244311,0.4649905549752772
-1.5701237600790867,-1.5551961651627073,-0.4649905549752772,-0.16220035094269908,-0.5412160957239143,-0.9303874891417625,0.7115308500884661,-0.8115371948729698,-1.4187287085219529,-0.538710993644001,0.0,-0.5431059093556048,-0.4694027940381773,-0.3333333333333333,-0.4694027940381773,-0.4694027940381773,2.130366526788651,0.0,-0.19355613383523898,-0.3485617981116172,-0.19355613383523898,0.0,-0.3485617981116172,-0.26726124191242434,-0.1856953381770519,-0.7518094115561123,0.0,2.868931722918695,0.0,-0.19355613383523898,0.0,0.0,-0.3435293617149026,-0.4472135954999579,0.7654430636568867,-0.5602397818244311,0.0,0.0,0.5602397818244311,0.4649905549752772
-1.5701237600790867,-1.5551961651627073,2.1505813167606567,0.05096040468423482,-0.14031528407657037,-1.0957812362509878,0.7115308500884661,-0.7799017438546407,-1.4187287085219529,-0.667446409634552,0.0,-0.5431059093556048,-0.4694027940381773,-0.3333333333333333,-0.4694027940381773,-0.4694027940381773,2.130366526788651,0.0,-0.19355613383523898,-0.3485617981116172,-0.19355613383523898,0.0,2.868931722918695,-0.26726124191242434,-0.1856953381770519,-0.7518094115561123,0.0,-0.3485617981116172,0.0,-0.19355613383523898,0.0,0.0,-0.3435293617149026,-0.4472135954999579,0.7654430636568867,-0.5602397818244311,0.0,0.0,0.5602397818244311,-2.1505813167606562
-1.531656048521412,-1.5551961651627073,-0.4649905549752772,-1.3567706263540475,-0.5412160957239143,-0.4057967776473656,0.7115308500884661,-0.6217244887629954,-1.4187287085219529,0.2504502426450158,0.0,-0.5431059093556048,-0.4694027940381773,-0.3333333333333333,2.130366526788651,-0.4694027940381773,-0.4694027940381773,0.0,-0.19355613383523898,-0.3485617981116172,-0.19355613383523898,0.0,-0.3485617981116172,-0.26726124191242434,-0.1856953381770519,1.3301243435223524,0.0,-0.3485617981116172,0.0,-0.19355613383523898,0.0,0.0,-0.3435293617149026,2.23606797749979,-1.3064328981211524,-0.5602397818244311,0.0,0.0,0.5602397818244311,0.4649905549752772
-1.531656048521412,-1.5551961651627073,-0.4649905549752772,-0.2909668482193776,-0.9421169073712581,-0.8198437091861066,0.7115308500884661,-0.5900890377446663,-1.4187287085219529,0.14838874646429845,0.0,-0.5431059093556048,-0.4694027940381773,-0.3333333333333333,2.130366526788651,-0.4694027940381773,-0.4694027940381773,0.0,-0.19355613383523898,-0.3485617981116172,-0.19355613383523898,0.0,-0.3485617981116172,-0.26726124191242434,-0.1856953381770519,1.3301243435223524,0.0,-0.3485617981116172,0.0,-0.19355613383523898,0.0,0.0,-0.3435293617149026,-0.4472135954999579,0.7654430636568867,-0.5602397818244311,0.0,0.0,0.5602397818244311,0.4649905549752772
-1.531656048521412,-1.5551961651627073,-0.4649905549752772,-0.2048325020680859,-0.14031528407657037,0.39360633338055667,0.7115308500884661,-0.8115371948729698,-1.4187287085219529,0.4918291476272991,0.0,-0.5431059093556048,-0.4694027940381773,-0.3333333333333333,2.130366526788651,-0.4694027940381773,-0.4694027940381773,0.0,-0.19355613383523898,2.868931722918695,-0.19355613383523898,0.0,-0.3485617981116172,-0.26726124191242434,-0.1856953381770519,-0.7518094115561123,0.0,-0.3485617981116172,0.0,-0.19355613383523898,0.0,0.0,-0.3435293617149026,2.23606797749979,-1.3064328981211524,-0.5602397818244311,0.0,0.0,0.5602397818244311,0.4649905549752772
-1.531656048521412,-1.5551961651627073,-0.4649905549752772,0.47728191593810265,-0.5412160957239143,-0.8468467699386333,0.7115308500884661,-0.8115371948729698,-1.4187287085219529,-0.4736864723018347,0.0,-0.5431059093556048,-0.4694027940381773,-0.3333333333333333,2.130366526788651,-0.4694027940381773,-0.4694027940381773,0.0,-0.19355613383523898,-0.3485617981116172,-0.19355613383523898,0.0,-0.3485617981116172,-0.26726124191242434,-0.1856953381770519,-0.7518094115561123,0.0,-0.3485617981116172,0.0,-0.19355613383523898,0.0,0.0,2.910959328215754,-0.4472135954999579,0.7654430636568867,-0.5602397818244311,0.0,0.0,0.5602397818244311,0.4649905549752772
-1.531656048521412,-1.5551961651627073,2.1505813167606567,-0.2909668482193776,-0.9421169073712581,-3.164046920764821,0.7115308500884661,-0.8431726458912989,-1.4187287085219529,-2.277295922863333,0.0,-0.5431059093556048,-0.4694027940381773,-0.3333333333333333,2.130366526788651,-0.4694027940381773,-0.4694027940381773,0.0,-0.19355613383523898,-0.3485617981116172,5.166459880063687,0.0,-0.3485617981116172,-0.26726124191242434,-0.1856953381770519,-0.7518094115561123,0.0,-0.3485617981116172,0.0,-0.19355613383523898,0.0,0.0,-0.3435293617149026,2.23606797749979,-1.3064328981211524,1.7849500025569083,0.0,0.0,-1.7849500025569083,-2.1505813167606562
-1.4931883369637373,-1.5551961651627073,-0.4649905549752772,-1.3567706263540475,-0.5412160957239143,-0.9025405827407194,0.7115308500884661,-0.5584535867263372,-1.4187287085219529,0.07974445378815755,0.0,-0.5431059093556048,-0.4694027940381773,-0.3333333333333333,-0.4694027940381773,-0.4694027940381773,-0.4694027940381773,0.0,-0.19355613383523898,-0.3485617981116172,-0.19355613383523898,0.0,-0.3485617981116172,-0.26726124191242434,-0.1856953381770519,1.3301243435223524,0.0,-0.3485617981116172,0.0,-0.19355613383523898,0.0,0.0,-0.3435293617149026,2.23606797749979,-1.3064328981211524,-0.5602397818244311,0.0,0.0,0.5602397818244311,0.4649905549752772
-1.4931883369637373,-1.5551961651627073,-0.4649905549752772,-0.16220035094269908,-0.9421169073712581,-0.957671831777128,0.7115308500884661,-0.5268181357080081,-1.4187287085219529,0.029432551416339728,0.0,-0.5431059093556048,-0.4694027940381773,-0.3333333333333333,-0.4694027940381773,-0.4694027940381773,-0.4694027940381773,0.0,-0.19355613383523898,-0.3485617981116172,-0.19355613383523898,0.0,-0.3485617981116172,-0.26726124191242434,-0.1856953381770519,1.3301243435223524,0.0,-0.3485617981116172,0.0,-0.19355613383523898,0.0,0.0,-0.3435293617149026,-0.4472135954999579,0.7654430636568867,-0.5602397818244311,0.0,0.0,0.5602397818244311,0.4649905549752772
-1.4931883369637373,-1.5551961651627073,-0.4649905549752772,-0.3762311504701512,-0.5412160957239143,0.39360633338055667,0.7115308500884661,-0.7799017438546407,-1.4187287085219529,0.4918291476272991,0.0,-0.5431059093556048,-0.4694027940381773,-0.3333333333333333,-0.4694027940381773,-0.4694027940381773,-0.4694027940381773,0.0,-0.19355613383523898,2.868931722918695,-0.19355613383523898,0.0,-0.3485617981116172,-0.26726124191242434,-0.1856953381770519,-0.7518094115561123,0.0,-0.3485617981116172,0.0,-0.19355613383523898,0.0,0.0,-0.3435293617149026,-0.4472135954999579,0.7654430636568867,-0.5602397818244311,0.0,0.0,0.5602397818244311,0.4649905549752772
-1.4931883369637373,-1.5551961651627073,-0.4649905549752772,0.05096040468423482,-0.14031528407657037,-0.764712460149698,0.7115308500884661,-0.7799017438546407,-1.4187287085219529,-0.40975663987115263,0.0,-0.5431059093556048,-0.4694027940381773,-0.3333333333333333,-0.4694027940381773,-0.4694027940381773,-0.4694027940381773,0.0,-0.19355613383523898,-0.3485617981116172,-0.19355613383523898,0.0,-0.3485617981116172,-0.26726124191242434,-0.1856953381770519,-0.7518094115561123,0.0,2.868931722918695,0.0,-0.19355613383523898,0.0,0.0,-0.3435293617149026,2.23606797749979,-1.3064328981211524,-0.5602397818244311,0.0,0.0,0.5602397818244311,0.4649905549752772
-1.4931883369637373,-1.5551961651627073,2.1505813167606567,0.9888677294427444,-0.5412160957239143,-0.9717359259190688,0.7115308500884661,-0.7799017438546407,-1.4187287085219529,-0.5708948476416387,0.0,-0.5431059093556048,-0.4694027940381773,-0.3333333333333333,-0.4694027940381773,-0.4694027940381773,-0.4694027940381773,0.0,-0.19355613383523898,-0.3485617981116172,-0.19355613383523898,0.0,-0.3485617981116172,-0.26726124191242434,-0.1856953381770519,-0.7518094115561123,0.0,-0.3485617981116172,0.0,-0.19355613383523898,0.0,0.0,2.910959328215754,-0.4472135954999579,0.7654430636568867,1.7849500025569083,0.0,0.0,-1.7849500025569083,-2.1505813167606562
-1.4547206254060627,-1.5551961651627073,-0.4649905549752772,-1.3567706263540475,-0.9421169073712581,-3.164046920764821,0.7115308500884661,-0.8431726458912989,-1.4187287085219529,-2.277295922863333,0.0,-0.5431059093556048,-0.4694027940381773,2.9999999999999996,-0.4694027940381773,-0.4694027940381773,-0.4694027940381773,0.0,-0.19355613383523898,-0.3485617981116172,-0.19355613383523898,0.0,-0.3485617981116172,3.741657386773941,-0.1856953381770519,-0.7518094115561123,0.0,-0.3485617981116172,0.0,-0.19355613383523898,0.0,0.0,-0.3435293617149026,-0.4472135954999579,0.7654430636568867,1.7849500025569083,0.0,0.0,-1.7849500025569083,0.4649905549752772
-1.4547206254060627,-1.5551961651627073,-0.4649905549752772,-0.11956819981731227,-0.9421169073712581,-0.7641498963840205,0.7115308500884661,-0.8115371948729698,-1.4187287085219529,-0.40931876430655906,0.0,-0.5431059093556048,-0.4694027940381773,2.9999999999999996,-0.4694027940381773,-0.4694027940381773,-0.4694027940381773,0.0,-0.19355613383523898,-0.3485617981116172,-0.19355613383523898,0.0,-0.3485617981116172,3.741657386773941,-0.1856953381770519,-0.7518094115561123,0.0,-0.3485617981116172,0.0,-0.19355613383523898,0.0,0.0,-0.3435293617149026,-0.4472135954999579,-1.3064328981211524,1.7849500025569083,0.0,0.0,-1.7849500025569083,0.4649905549752772
-1.4547206254060627,-1.5551961651627073,-0.4649905549752772,-0.0343038975665388,-0.9421169073712581,-3.164046920764821,0.7115308500884661,-0.8431726458912989,-1.4187287085219529,-2.277295922863333,0.0,-0.5431059093556048,-0.4694027940381773,2.9999999999999996,-0.4694027940381773,-0.4694027940381773,-0.4694027940381773,0.0,-0.19355613383523898,-0.3485617981116172,-0.19355613383523898,0.0,-0.3485617981116172,-0.26726124191242434,5.385164807134505,-0.7518094115561123,0.0,-0.3485617981116172,0.0,-0.19355613383523898,0.0,0.0,-0.3435293617149026,-0.4472135954999579,-1.3064328981211524,1.7849500025569083,0.0,0.0,-1.7849500025569083,0.4649905549752772
-1.3777852022907133,-1.2865442364397828,-0.4649905549752772,-1.3567706263540475,0.26058552757077347,-1.0128030808135366,-1.4054204394309369,-0.5268181357080081,-1.4187287085219529,-0.03942338111602134,0.0,-0.5431059093556048,2.130366526788651,-0.3333333333333333,-0.4694027940381773,-0.4694027940381773,-0.4694027940381773,0.0,-0.19355613383523898,-0.3485617981116172,-0.19355613383523898,0.0,-0.3485617981116172,-0.26726124191242434,-0.1856953381770519,1.3301243435223524,0.0,-0.3485617981116172,0.0,-0.19355613383523898,0.0,0.0,-0.3435293617149026,-0.4472135954999579,0.7654430636568867,-0.5602397818244311,0.0,0.0,0.5602397818244311,0.4649905549752772
-1.3777852022907133,-1.2865442364397828,-0.4649905549752772,1.4151892406966122,-0.9421169073712581,0.034690650878223726,0.7115308500884661,-0.49518268468967896,-1.4187287085219529,0.1103721653947009,0.0,1.8412614975714408,2.130366526788651,-0.3333333333333333,-0.4694027940381773,-0.4694027940381773,-0.4694027940381773,0.0,-0.19355613383523898,-0.3485617981116172,-0.19355613383523898,0.0,-0.3485617981116172,-0.26726124191242434,-0.1856953381770519,1.3301243435223524,0.0,-0.3485617981116172,0.0,-0.19355613383523898,0.0,0.0,-0.3435293617149026,-0.4472135954999579,0.7654430636568867,-0.5602397818244311,0.0,0.0,0.5602397818244311,0.4649905549752772
-1.3777852022907133,-1.2865442364397828,-0.4649905549752772,-0.41886330159553803,1.0623871508654612,-1.151193767170235,-1.4054204394309369,-0.7799017438546407,-1.4187287085219529,-0.7105771527470326,0.0,1.8412614975714408,2.130366526788651,-0.3333333333333333,-0.4694027940381773,-0.4694027940381773,-0.4694027940381773,0.0,-0.19355613383523898,-0.3485617981116172,-0.19355613383523898,0.0,2.868931722918695,-0.26726124191242434,-0.1856953381770519,-0.7518094115561123,0.0,-0.3485617981116172,0.0,-0.19355613383523898,0.0,0.0,-0.3435293617149026,-0.4472135954999579,0.7654430636568867,-0.5602397818244311,0.0,0.0,0.5602397818244311,0.4649905549752772
-1.3777852022907133,-1.2865442364397828,-0.4649905549752772,-0.6320240572224719,-0.9421169073712581,-1.2890218897612564,0.7115308500884661,-0.7482662928363116,-1.4187287085219529,-0.8286940862961865,0.0,-0.5431059093556048,2.130366526788651,-0.3333333333333333,-0.4694027940381773,-0.4694027940381773,-0.4694027940381773,0.0,-0.19355613383523898,-0.3485617981116172,-0.19355613383523898,0.0,2.868931722918695,-0.26726124191242434,-0.1856953381770519,-0.7518094115561123,0.0,-0.3485617981116172,0.0,-0.19355613383523898,0.0,0.0,-0.3435293617149026,-0.4472135954999579,-1.3064328981211524,-0.5602397818244311,0.0,0.0,0.5602397818244311,0.4649905549752772
-1.3777852022907133,-1.2865442364397828,2.1505813167606567,0.434649764812716,1.864188774160149,-1.179321955454117,-1.4054204394309369,-0.8431726458912989,-1.4187287085219529,-0.7324709309767183,0.0,-0.5431059093556048,2.130366526788651,-0.3333333333333333,-0.4694027940381773,-0.4694027940381773,-0.4694027940381773,0.0,-0.19355613383523898,-0.3485617981116172,-0.19355613383523898,0.0,-0.3485617981116172,-0.26726124191242434,-0.1856953381770519,-0.7518094115561123,0.0,-0.3485617981116172,0.0,5.166459880063687,0.0,0.0,-0.3435293617149026,-0.4472135954999579,0.7654430636568867,1.7849500025569083,0.0,0.0,-1.7849500025569083,-2.1505813167606562
-1.3393174907330387,-1.2865442364397828,-0.4649905549752772,-1.3567706263540475,-0.5412160957239143,-0.13126565999667883,0.7115308500884661,-0.46354723367134987,-1.4187287085219529,0.04097370022598824,0.0,-0.5431059093556048,-0.4694027940381773,-0.3333333333333333,-0.4694027940381773,2.130366526788651,-0.4694027940381773,0.0,-0.19355613383523898,-0.3485617981116172,-0.19355613383523898,0.0,-0.3485617981116172,-0.26726124191242434,-0.1856953381770519,1.3301243435223524,0.0,-0.3485617981116172,0.0,-0.19355613383523898,0.0,0.0,-0.3435293617149026,-0.4472135954999579,0.7654430636568867,-0.5602397818244311,0.0,0.0,0.5602397818244311,0.4649905549752772
-1.3393174907330387,-1.2865442364397828,-0.4649905549752772,-0.33359899934476445,-0.9421169073712581,-0.1037000354784751,0.7115308500884661,-0.43191178265302077,-1.4187287085219529,-0.010589275187525424,0.0,-0.5431059093556048,-0.4694027940381773,-0.3333333333333333,-0.4694027940381773,2.130366526788651,-0.4694027940381773,0.0,-0.19355613383523898,-0.3485617981116172,-0.19355613383523898,0.0,-0.3485617981116172,-0.26726124191242434,-0.1856953381770519,1.3301243435223524,0.0,-0.3485617981116172,0.0,-0.19355613383523898,0.0,0.0,-0.3435293617149026,-0.4472135954999579,-1.3064328981211524,-0.5602397818244311,0.0,0.0,0.5602397818244311,0.4649905549752772
-1.3393174907330387,-1.2865442364397828,-0.4649905549752772,2.4818630627318,0.6614863392181173,0.17308133723492317,-1.4054204394309369,-0.7799017438546407,-1.4187287085219529,0.008742930989287002,0.0,1.8412614975714408,-0.4694027940381773,-0.3333333333333333,-0.4694027940381773,2.130366526788651,-0.4694027940381773,0.0,-0.19355613383523898,-0.3485617981116172,-0.19355613383523898,0.0,-0.3485617981116172,-0.26726124191242434,-0.1856953381770519,-0.7518094115561123,0.0,2.868931722918695,0.0,-0.19355613383523898,0.0,0.0,-0.3435293617149026,-0.4472135954999579,0.7654430636568867,-0.5602397818244311,0.0,0.0,0.5602397818244311,0.4649905549752772
-1.3393174907330387,-1.2865442364397828,-0.4649905549752772,-0.33359899934476445,0.6614863392181173,0.39360633338055667,-1.4054204394309369,-0.7799017438546407,-1.4187287085219529,0.3309098776391104,0.0,-0.5431059093556048,-0.4694027940381773,-0.3333333333333333,-0.4694027940381773,2.130366526788651,-0.4694027940381773,0.0,-0.19355613383523898,2.868931722918695,-0.19355613383523898,0.0,-0.3485617981116172,-0.26726124191242434,-0.1856953381770519,-0.7518094115561123,0.0,-0.3485617981116172,0.0,-0.19355613383523898,0.0,0.0,-0.3435293617149026,2.23606797749979,-1.3064328981211524,-0.5602397818244311,0.0,0.0,0.5602397818244311,0.4649905549752772
-1.3393174907330387,-1.2865442364397828,2.1505813167606567,0.05096040468423482,1.864188774160149,-0.3506655286109569,-1.4054204394309369,-0.8431726458912989,-1.4187287085219529,-0.08748022433018088,0.0,-0.5431059093556048,-0.4694027940381773,-0.3333333333333333,-0.4694027940381773,2.130366526788651,-0.4694027940381773,0.0,5.166459880063687,-0.3485617981116172,-0.19355613383523898,0.0,-0.3485617981116172,-0.26726124191242434,-0.1856953381770519,-0.7518094115561123,0.0,-0.3485617981116172,0.0,-0.19355613383523898,0.0,0.0,-0.3435293617149026,2.23606797749979,-1.3064328981211524,1.7849500025569083,0.0,0.0,-1.7849500025569083,-2.1505813167606562
-1.3008497791753642,-1.2865442364397828,-0.4649905549752772,-1.3567706263540475,-0.5412160957239143,0.5860031412423087,0.7115308500884661,-0.4002763316346917,-1.4187287085219529,0.20997412014288452,0.0,1.8412614975714408,-0.4694027940381773,-0.3333333333333333,-0.4694027940381773,-0.4694027940381773,2.130366526788651,0.0,-0.19355613383523898,-0.3485617981116172,-0.19355613383523898,0.0,-0.3485617981116172,-0.26726124191242434,-0.1856953381770519,1.3301243435223524,0.0,-0.3485617981116172,0.0,-0.19355613383523898,0.0,0.0,-0.3435293617149026,-0.4472135954999579,0.7654430636568867,-0.5602397818244311,0.0,0.0,0.5602397818244311,0.4649905549752772
-1.3008497791753642,-1.2865442364397828,-0.4649905549752772,-0.2048325020680859,-0.9421169073712581,0.7243938275990076,0.7115308500884661,-0.3686408806163626,-1.4187287085219529,0.16597245541112,0.0,-0.5431059093556048,-0.4694027940381773,-0.3333333333333333,-0.4694027940381773,-0.4694027940381773,2.130366526788651,0.0,-0.19355613383523898,-0.3485617981116172,-0.19355613383523898,0.0,-0.3485617981116172,-0.26726124191242434,-0.1856953381770519,1.3301243435223524,0.0,-0.3485617981116172,0.0,-0.19355613383523898,0.0,0.0,-0.3435293617149026,-0.4472135954999579,0.7654430636568867,-0.5602397818244311,0.0,0.0,0.5602397818244311,0.4649905549752772
-1.3008497791753642,-1.2865442364397828,-0.4649905549752772,1.0741320316935181,1.0623871508654612,-0.6820155865950852,-1.4054204394309369,-0.7799017438546407,-1.4187287085219529,-0.345388931875877,0.0,-0.5431059093556048,-0.4694027940381773,-0.3333333333333333,-0.4694027940381773,-0.4694027940381773,2.130366526788651,0.0,-0.19355613383523898,-0.3485617981116172,-0.19355613383523898,0.0,-0.3485617981116172,-0.26726124191242434,-0.1856953381770519,-0.7518094115561123,0.0,-0.3485617981116172,0.0,-0.19355613383523898,0.0,0.0,2.910959328215754,2.23606797749979,-1.3064328981211524,-0.5602397818244311,0.0,0.0,0.5602397818244311,0.4649905549752772
-1.3008497791753642,-1.2865442364397828,-0.4649905549752772,0.5199140670634896,-0.5412160957239143,-0.07557184719459244,0.7115308500884661,-0.7482662928363116,-1.4187287085219529,-0.13949984140391392,0.0,-0.5431059093556048,-0.4694027940381773,-0.3333333333333333,-0.4694027940381773,-0.4694027940381773,2.130366526788651,0.0,-0.19355613383523898,-0.3485617981116172,-0.19355613383523898,0.0,-0.3485617981116172,-0.26726124191242434,-0.1856953381770519,-0.7518094115561123,0.0,2.868931722918695,0.0,-0.19355613383523898,0.0,0.0,-0.3435293617149026,-0.4472135954999579,0.7654430636568867,-0.5602397818244311,0.0,0.0,0.5602397818244311,0.4649905549752772
-1.3008497791753642,-1.2865442364397828,2.1505813167606567,-0.0343038975665388,-0.14031528407657037,-0.9031031465063968,0.7115308500884661,-0.7166308418179825,-1.4187287085219529,-0.5774629811105445,0.0,1.8412614975714408,-0.4694027940381773,-0.3333333333333333,-0.4694027940381773,-0.4694027940381773,2.130366526788651,0.0,-0.19355613383523898,-0.3485617981116172,-0.19355613383523898,0.0,2.868931722918695,-0.26726124191242434,-0.1856953381770519,-0.7518094115561123,0.0,-0.3485617981116172,0.0,-0.19355613383523898,0.0,0.0,-0.3435293617149026,-0.4472135954999579,0.7654430636568867,-0.5602397818244311,0.0,0.0,0.5602397818244311,-2.1505813167606562
-1.2623820676176896,-1.2865442364397828,-0.4649905549752772,-1.3567706263540475,-0.5412160957239143,1.6346220004654237,0.7115308500884661,-0.33700542959803353,-1.4187287085219529,0.23413937786389946,0.0,-0.5431059093556048,-0.4694027940381773,-0.3333333333333333,2.130366526788651,-0.4694027940381773,-0.4694027940381773,0.0,-0.19355613383523898,-0.3485617981116172,-0.19355613383523898,0.0,-0.3485617981116172,-0.26726124191242434,-0.1856953381770519,1.3301243435223524,0.0,-0.3485617981116172,0.0,-0.19355613383523898,0.0,0.0,-0.3435293617149026,2.23606797749979,-1.3064328981211524,-0.5602397818244311,0.0,0.0,0.5602397818244311,0.4649905549752772
-1.2623820676176896,-1.2865442364397828,-0.4649905549752772,0.05096040468423482,-0.9421169073712581,0.0628188391621064,0.7115308500884661,-0.30536997857970444,-1.4187287085219529,0.2138242562749872,0.0,-0.5431059093556048,-0.4694027940381773,-0.3333333333333333,2.130366526788651,-0.4694027940381773,-0.4694027940381773,0.0,-0.19355613383523898,-0.3485617981116172,-0.19355613383523898,0.0,-0.3485617981116172,-0.26726124191242434,-0.1856953381770519,1.3301243435223524,0.0,-0.3485617981116172,0.0,-0.19355613383523898,0.0,0.0,-0.3435293617149026,2.23606797749979,-1.3064328981211524,-0.5602397818244311,0.0,0.0,0.5602397818244311,0.4649905549752772
-1.2623820676176896,-1.2865442364397828,-0.4649905549752772,2.055541551477932,-0.14031528407657037,-0.15770615698352772,0.7115308500884661,-0.7482662928363116,-1.4187287085219529,0.23435831564619705,0.0,-0.5431059093556048,-0.4694027940381773,-0.3333333333333333,2.130366526788651,-0.4694027940381773,-0.4694027940381773,0.0,-0.19355613383523898,2.868931722918695,-0.19355613383523898,0.0,-0.3485617981116172,-0.26726124191242434,-0.1856953381770519,-0.7518094115561123,0.0,-0.3485617981116172,0.0,-0.19355613383523898,0.0,0.0,-0.3435293617149026,-0.4472135954999579,0.7654430636568867,-0.5602397818244311,0.0,0.0,0.5602397818244311,0.4649905549752772
-1.2623820676176896,-1.2865442364397828,-0.4649905549752772,0.2641211603111687,-0.5412160957239143,-0.24096559430381786,0.7115308500884661,-0.7482662928363116,-1.4187287085219529,-0.11999248500126426,0.0,-0.5431059093556048,-0.4694027940381773,-0.3333333333333333,2.130366526788651,-0.4694027940381773,-0.4694027940381773,0.0,-0.19355613383523898,-0.3485617981116172,-0.19355613383523898,0.0,-0.3485617981116172,-0.26726124191242434,-0.1856953381770519,-0.7518094115561123,0.0,-0.3485617981116172,0.0,-0.19355613383523898,0.0,0.0,2.910959328215754,2.23606797749979,-1.3064328981211524,-0.5602397818244311,0.0,0.0,0.5602397818244311,0.4649905549752772
-1.2623820676176896,-1.2865442364397828,2.1505813167606567,-0.2909668482193776,1.864188774160149,1.137878195372071,-1.4054204394309369,-0.8431726458912989,-1.4187287085219529,1.0711385195847796,0.0,1.8412614975714408,-0.4694027940381773,-0.3333333333333333,2.130366526788651,-0.4694027940381773,-0.4694027940381773,0.0,-0.19355613383523898,-0.3485617981116172,5.166459880063687,0.0,-0.3485617981116172,-0.26726124191242434,-0.1856953381770519,-0.7518094115561123,0.0,-0.3485617981116172,0.0,-0.19355613383523898,0.0,0.0,-0.3435293617149026,-0.4472135954999579,0.7654430636568867,1.7849500025569083,0.0,0.0,-1.7849500025569083,-2.1505813167606562
-1.223914356060015,-1.2865442364397828,-0.4649905549752772,-1.3567706263540475,-0.5412160957239143,1.5243595023926082,0.7115308500884661,-0.27373452756137534,-1.4187287085219529,0.3468704419685513,0.0,-0.5431059093556048,-0.4694027940381773,-0.3333333333333333,-0.4694027940381773,-0.4694027940381773,-0.4694027940381773,0.0,-0.19355613383523898,-0.3485617981116172,-0.19355613383523898,0.0,-0.3485617981116172,-0.26726124191242434,-0.1856953381770519,1.3301243435223524,0.0,-0.3485617981116172,0.0,-0.19355613383523898,0.0,0.0,-0.3435293617149026,2.23606797749979,-1.3064328981211524,-0.5602397818244311,0.0,0.0,0.5602397818244311,0.4649905549752772
-1.223914356060015,-1.2865442364397828,-0.4649905549752772,-0.6320240572224719,-0.9421169073712581,0.42117195789876044,0.7115308500884661,-0.24209907654304624,-1.4187287085219529,0.2740173310679704,0.0,-0.5431059093556048,-0.4694027940381773,-0.3333333333333333,-0.4694027940381773,-0.4694027940381773,-0.4694027940381773,0.0,-0.19355613383523898,-0.3485617981116172,-0.19355613383523898,0.0,-0.3485617981116172,-0.26726124191242434,-0.1856953381770519,1.3301243435223524,0.0,-0.3485617981116172,0.0,-0.19355613383523898,0.0,0.0,-0.3435293617149026,2.23606797749979,-1.3064328981211524,-0.5602397818244311,0.0,0.0,0.5602397818244311,0.4649905549752772
-1.223914356060015,-1.2865442364397828,-0.4649905549752772,1.7988786008250937,-0.5412160957239143,-0.2955342795745488,0.7115308500884661,-0.7166308418179825,-1.4187287085219529,0.2236303643136506,0.0,-0.5431059093556048,-0.4694027940381773,-0.3333333333333333,-0.4694027940381773,-0.4694027940381773,-0.4694027940381773,0.0,-0.19355613383523898,2.868931722918695,-0.19355613383523898,0.0,-0.3485617981116172,-0.26726124191242434,-0.1856953381770519,-0.7518094115561123,0.0,-0.3485617981116172,0.0,-0.19355613383523898,0.0,0.0,-0.3435293617149026,-0.4472135954999579,-1.3064328981211524,-0.5602397818244311,0.0,0.0,0.5602397818244311,0.4649905549752772
-1.223914356060015,-1.2865442364397828,-0.4649905549752772,-0.0343038975665388,-0.14031528407657037,-0.13070309623100113,0.7115308500884661,-0.7166308418179825,-1.4187287085219529,-0.1630137592225965,0.0,-0.5431059093556048,-0.4694027940381773,-0.3333333333333333,-0.4694027940381773,-0.4694027940381773,-0.4694027940381773,0.0,-0.19355613383523898,-0.3485617981116172,-0.19355613383523898,0.0,-0.3485617981116172,-0.26726124191242434,-0.1856953381770519,-0.7518094115561123,0.0,2.868931722918695,0.0,-0.19355613383523898,0.0,0.0,-0.3435293617149026,-0.4472135954999579,0.7654430636568867,-0.5602397818244311,0.0,0.0,0.5602397818244311,0.4649905549752772
-1.223914356060015,-1.2865442364397828,2.1505813167606567,1.970277249227159,-0.5412160957239143,-0.24096559430381786,0.7115308500884661,-0.7166308418179825,-1.4187287085219529,-0.2296146325973,0.0,-0.5431059093556048,-0.4694027940381773,-0.3333333333333333,-0.4694027940381773,-0.4694027940381773,-0.4694027940381773,0.0,-0.19355613383523898,-0.3485617981116172,-0.19355613383523898,0.0,-0.3485617981116172,-0.26726124191242434,-0.1856953381770519,-0.7518094115561123,0.0,-0.3485617981116172,0.0,-0.19355613383523898,0.0,0.0,2.910959328215754,2.23606797749979,-1.3064328981211524,1.7849500025569083,0.0,0.0,-1.7849500025569083,-2.1505813167606562
-1.1854466445023402,-1.2865442364397828,-0.4649905549752772,-1.3567706263540475,1.864188774160149,-0.6814530228294078,-1.4054204394309369,-0.8115371948729698,-1.4187287085219529,-0.3449510563112834,0.0,-0.5431059093556048,-0.4694027940381773,2.9999999999999996,-0.4694027940381773,-0.4694027940381773,-0.4694027940381773,0.0,-0.19355613383523898,-0.3485617981116172,-0.19355613383523898,0.0,-0.3485617981116172,3.741657386773941,-0.1856953381770519,-0.7518094115561123,0.0,-0.3485617981116172,0.0,-0.19355613383523898,0.0,0.0,-0.3435293617149026,-0.4472135954999579,0.7654430636568867,1.7849500025569083,0.0,0.0,-1.7849500025569083,0.4649905549752772
-1.1854466445023402,-1.2865442364397828,-0.4649905549752772,-0.0343038975665388,-0.9421169073712581,-0.653887398311204,0.7115308500884661,-0.7799017438546407,-1.4187287085219529,-0.3234951536461919,0.0,-0.5431059093556048,-0.4694027940381773,2.9999999999999996,-0.4694027940381773,-0.4694027940381773,-0.4694027940381773,0.0,-0.19355613383523898,-0.3485617981116172,-0.19355613383523898,0.0,-0.3485617981116172,3.741657386773941,-0.1856953381770519,-0.7518094115561123,0.0,-0.3485617981116172,0.0,-0.19355613383523898,0.0,0.0,-0.3435293617149026,-0.4472135954999579,-1.3064328981211524,1.7849500025569083,0.0,0.0,-1.7849500025569083,0.4649905549752772
-1.1854466445023402,-1.2865442364397828,-0.4649905549752772,-0.07693604869192547,1.864188774160149,-1.179321955454117,-1.4054204394309369,-0.8431726458912989,-1.4187287085219529,-0.7324709309767183,0.0,1.8412614975714408,-0.4694027940381773,2.9999999999999996,-0.4694027940381773,-0.4694027940381773,-0.4694027940381773,0.0,-0.19355613383523898,-0.3485617981116172,-0.19355613383523898,0.0,-0.3485617981116172,-0.26726124191242434,5.385164807134505,-0.7518094115561123,0.0,-0.3485617981116172,0.0,-0.19355613383523898,0.0,0.0,-0.3435293617149026,-0.4472135954999579,-1.3064328981211524,1.7849500025569083,0.0,0.0,-1.7849500025569083,0.4649905549752772
-1.108511221386991,-1.0178923077168582,-0.4649905549752772,-1.3567706263540475,0.26058552757077347,1.5513625631451347,-1.4054204394309369,-0.24209907654304624,-1.4187287085219529,0.3746178203594649,0.0,-0.5431059093556048,2.130366526788651,-0.3333333333333333,-0.4694027940381773,-0.4694027940381773,-0.4694027940381773,0.0,-0.19355613383523898,-0.3485617981116172,-0.19355613383523898,0.0,-0.3485617981116172,-0.26726124191242434,-0.1856953381770519,1.3301243435223524,0.0,-0.3485617981116172,0.0,-0.19355613383523898,0.0,0.0,-0.3435293617149026,-0.4472135954999579,0.7654430636568867,-0.5602397818244311,0.0,0.0,0.5602397818244311,0.4649905549752772
-1.108511221386991,-1.0178923077168582,-0.4649905549752772,-0.07693604869192547,-0.9421169073712581,0.17251877346924543,0.7115308500884661,-0.21046362552471715,-1.4187287085219529,0.34333221702595396,0.0,-0.5431059093556048,2.130366526788651,-0.3333333333333333,-0.4694027940381773,-0.4694027940381773,-0.4694027940381773,0.0,-0.19355613383523898,-0.3485617981116172,-0.19355613383523898,0.0,-0.3485617981116172,-0.26726124191242434,-0.1856953381770519,1.3301243435223524,0.0,-0.3485617981116172,0.0,-0.19355613383523898,0.0,0.0,-0.3435293617149026,-0.4472135954999579,0.7654430636568867,-0.5602397818244311,0.0,0.0,0.5602397818244311,0.4649905549752772
-1.108511221386991,-1.0178923077168582,-0.4649905549752772,-0.2909668482193776,1.0623871508654612,-1.0409312690974184,-1.4054204394309369,-0.7166308418179825,-1.4187287085219529,-0.6676653474168491,0.0,-0.5431059093556048,2.130366526788651,-0.3333333333333333,-0.4694027940381773,-0.4694027940381773,-0.4694027940381773,0.0,-0.19355613383523898,-0.3485617981116172,-0.19355613383523898,0.0,2.868931722918695,-0.26726124191242434,-0.1856953381770519,-0.7518094115561123,0.0,-0.3485617981116172,0.0,-0.19355613383523898,0.0,0.0,-0.3435293617149026,-0.4472135954999579,-1.3064328981211524,-0.5602397818244311,0.0,0.0,0.5602397818244311,0.4649905549752772
-1.108511221386991,-1.0178923077168582,-0.4649905549752772,0.13622470693500846,-0.9421169073712581,-0.5441874640040647,0.7115308500884661,-0.6849953907996534,-1.4187287085219529,-0.5755863715479997,0.0,-0.5431059093556048,2.130366526788651,-0.3333333333333333,-0.4694027940381773,-0.4694027940381773,-0.4694027940381773,0.0,-0.19355613383523898,-0.3485617981116172,-0.19355613383523898,0.0,2.868931722918695,-0.26726124191242434,-0.1856953381770519,-0.7518094115561123,0.0,-0.3485617981116172,0.0,-0.19355613383523898,0.0,0.0,-0.3435293617149026,-0.4472135954999579,0.7654430636568867,-0.5602397818244311,0.0,0.0,0.5602397818244311,0.4649905549752772
-1.108511221386991,-1.0178923077168582,2.1505813167606567,-0.0343038975665388,1.864188774160149,-0.9717359259190688,-1.4054204394309369,-0.8431726458912989,-1.4187287085219529,-0.5708948476416387,0.0,-0.5431059093556048,2.130366526788651,-0.3333333333333333,-0.4694027940381773,-0.4694027940381773,-0.4694027940381773,0.0,-0.19355613383523898,-0.3485617981116172,-0.19355613383523898,0.0,-0.3485617981116172,-0.26726124191242434,-0.1856953381770519,-0.7518094115561123,0.0,-0.3485617981116172,0.0,5.166459880063687,0.0,0.0,-0.3435293617149026,-0.4472135954999579,0.7654430636568867,1.7849500025569083,0.0,0.0,-1.7849500025569083,-2.1505813167606562
-1.0700435098293164,-1.0178923077168582,-0.4649905549752772,-1.3567706263540475,-0.5412160957239143,0.39304376961487897,0.7115308500884661,-0.17882817450638808,-1.4187287085219529,0.3011890736923122,0.0,-0.5431059093556048,-0.4694027940381773,-0.3333333333333333,-0.4694027940381773,2.130366526788651,-0.4694027940381773,0.0,-0.19355613383523898,-0.3485617981116172,-0.19355613383523898,0.0,-0.3485617981116172,-0.26726124191242434,-0.1856953381770519,1.3301243435223524,0.0,-0.3485617981116172,0.0,-0.19355613383523898,0.0,0.0,-0.3435293617149026,-0.4472135954999579,-1.3064328981211524,-0.5602397818244311,0.0,0.0,0.5602397818244311,0.4649905549752772
-1.0700435098293164,-1.0178923077168582,-0.4649905549752772,-0.2048325020680859,-0.9421169073712581,-0.9025405827407194,0.7115308500884661,-0.14719272348805898,-1.4187287085219529,0.26761934353273537,0.0,1.8412614975714408,-0.4694027940381773,-0.3333333333333333,-0.4694027940381773,2.130366526788651,-0.4694027940381773,0.0,-0.19355613383523898,-0.3485617981116172,-0.19355613383523898,0.0,-0.3485617981116172,-0.26726124191242434,-0.1856953381770519,1.3301243435223524,0.0,-0.3485617981116172,0.0,-0.19355613383523898,0.0,0.0,-0.3435293617149026,-0.4472135954999579,-1.3064328981211524,-0.5602397818244311,0.0,0.0,0.5602397818244311,0.4649905549752772
-1.0700435098293164,-1.0178923077168582,-0.4649905549752772,-0.46149545272092485,0.6614863392181173,0.5038688314533735,-1.4054204394309369,-0.7166308418179825,-1.4187287085219529,0.25256142840287843,0.0,-0.5431059093556048,-0.4694027940381773,-0.3333333333333333,-0.4694027940381773,2.130366526788651,-0.4694027940381773,0.0,-0.19355613383523898,-0.3485617981116172,-0.19355613383523898,0.0,-0.3485617981116172,-0.26726124191242434,-0.1856953381770519,-0.7518094115561123,0.0,2.868931722918695,0.0,-0.19355613383523898,0.0,0.0,-0.3435293617149026,-0.4472135954999579,-1.3064328981211524,-0.5602397818244311,0.0,0.0,0.5602397818244311,0.4649905549752772
-1.0700435098293164,-1.0178923077168582,-0.4649905549752772,-0.11956819981731227,0.6614863392181173,-0.3506655286109569,-1.4054204394309369,-0.7166308418179825,-1.4187287085219529,0.15159983393798523,0.0,-0.5431059093556048,-0.4694027940381773,-0.3333333333333333,-0.4694027940381773,2.130366526788651,-0.4694027940381773,0.0,-0.19355613383523898,2.868931722918695,-0.19355613383523898,0.0,-0.3485617981116172,-0.26726124191242434,-0.1856953381770519,-0.7518094115561123,0.0,-0.3485617981116172,0.0,-0.19355613383523898,0.0,0.0,-0.3435293617149026,2.23606797749979,-1.3064328981211524,-0.5602397818244311,0.0,0.0,0.5602397818244311,0.4649905549752772
-1.0700435098293164,-1.0178923077168582,2.1505813167606567,1.6283499963235464,1.864188774160149,-0.8476906155871499,-1.4054204394309369,-0.8431726458912989,-1.4187287085219529,-0.47434328564872535,0.0,1.8412614975714408,-0.4694027940381773,-0.3333333333333333,-0.4694027940381773,2.130366526788651,-0.4694027940381773,0.0,5.166459880063687,-0.3485617981116172,-0.19355613383523898,0.0,-0.3485617981116172,-0.26726124191242434,-0.1856953381770519,-0.7518094115561123,0.0,-0.3485617981116172,0.0,-0.19355613383523898,0.0,0.0,-0.3435293617149026,-0.4472135954999579,0.7654430636568867,1.7849500025569083,0.0,0.0,-1.7849500025569083,-2.1505813167606562
-1.0315757982716416,-1.0178923077168582,-0.4649905549752772,-1.3567706263540475,-0.5412160957239143,-1.1511937671702355,0.7115308500884661,-0.1155572724697299,-1.4187287085219529,0.2217272897444553,0.0,-0.5431059093556048,-0.4694027940381773,-0.3333333333333333,-0.4694027940381773,-0.4694027940381773,2.130366526788651,0.0,-0.19355613383523898,-0.3485617981116172,-0.19355613383523898,0.0,-0.3485617981116172,-0.26726124191242434,-0.1856953381770519,1.3301243435223524,0.0,-0.3485617981116172,0.0,-0.19355613383523898,0.0,0.0,-0.3435293617149026,-0.4472135954999579,0.7654430636568867,-0.5602397818244311,0.0,0.0,0.5602397818244311,0.4649905549752772
-1.0315757982716416,-1.0178923077168582,-0.4649905549752772,1.0741320316935181,-0.9421169073712581,-0.2685312188220228,0.7115308500884661,-0.0839218214514008,-1.4187287085219529,0.26510691084877797,0.0,-0.5431059093556048,-0.4694027940381773,-0.3333333333333333,-0.4694027940381773,-0.4694027940381773,2.130366526788651,0.0,-0.19355613383523898,-0.3485617981116172,-0.19355613383523898,0.0,-0.3485617981116172,-0.26726124191242434,-0.1856953381770519,1.3301243435223524,0.0,-0.3485617981116172,0.0,-0.19355613383523898,0.0,0.0,-0.3435293617149026,-0.4472135954999579,0.7654430636568867,-0.5602397818244311,0.0,0.0,0.5602397818244311,0.4649905549752772
-1.0315757982716416,-1.0178923077168582,-0.4649905549752772,-0.11956819981731227,1.0623871508654612,-0.6274469013243549,-1.4054204394309369,-0.7166308418179825,-1.4187287085219529,-0.32415196699308213,0.0,1.8412614975714408,-0.4694027940381773,-0.3333333333333333,-0.4694027940381773,-0.4694027940381773,2.130366526788651,0.0,-0.19355613383523898,-0.3485617981116172,-0.19355613383523898,0.0,-0.3485617981116172,-0.26726124191242434,-0.1856953381770519,-0.7518094115561123,0.0,-0.3485617981116172,0.0,-0.19355613383523898,0.0,0.0,2.910959328215754,-0.4472135954999579,0.7654430636568867,-0.5602397818244311,0.0,0.0,0.5602397818244311,0.4649905549752772
-1.0315757982716416,-1.0178923077168582,-0.4649905549752772,1.9276450981017719,-0.5412160957239143,0.6422595178100728,0.7115308500884661,-0.6849953907996534,-1.4187287085219529,0.1698264043141987,0.0,-0.5431059093556048,-0.4694027940381773,-0.3333333333333333,-0.4694027940381773,-0.4694027940381773,2.130366526788651,0.0,-0.19355613383523898,-0.3485617981116172,-0.19355613383523898,0.0,-0.3485617981116172,-0.26726124191242434,-0.1856953381770519,-0.7518094115561123,0.0,2.868931722918695,0.0,-0.19355613383523898,0.0,0.0,-0.3435293617149026,-0.4472135954999579,-1.3064328981211524,-0.5602397818244311,0.0,0.0,0.5602397818244311,0.4649905549752772
-1.0315757982716416,-1.0178923077168582,2.1505813167606567,0.9036034271919707,-0.14031528407657037,-0.8474093337043107,0.7115308500884661,-0.6533599397813245,-1.4187287085219529,-0.538710993644001,0.0,-0.5431059093556048,-0.4694027940381773,-0.3333333333333333,-0.4694027940381773,-0.4694027940381773,2.130366526788651,0.0,-0.19355613383523898,-0.3485617981116172,-0.19355613383523898,0.0,2.868931722918695,-0.26726124191242434,-0.1856953381770519,-0.7518094115561123,0.0,-0.3485617981116172,0.0,-0.19355613383523898,0.0,0.0,-0.3435293617149026,-0.4472135954999579,0.7654430636568867,-0.5602397818244311,0.0,0.0,0.5602397818244311,-2.1505813167606562
-0.993108086713967,-1.0178923077168582,-0.4649905549752772,-1.3567706263540475,-0.5412160957239143,-0.21339996978561412,0.7115308500884661,-0.052286370433071716,-1.4187287085219529,0.24102027959322989,0.0,-0.5431059093556048,-0.4694027940381773,-0.3333333333333333,2.130366526788651,-0.4694027940381773,-0.4694027940381773,0.0,-0.19355613383523898,-0.3485617981116172,-0.19355613383523898,0.0,-0.3485617981116172,-0.26726124191242434,-0.1856953381770519,1.3301243435223524,0.0,-0.3485617981116172,0.0,-0.19355613383523898,0.0,0.0,-0.3435293617149026,2.23606797749979,-1.3064328981211524,-0.5602397818244311,0.0,0.0,0.5602397818244311,0.4649905549752772
-0.993108086713967,-1.0178923077168582,-0.4649905549752772,-0.16220035094269908,-0.9421169073712581,-0.019878034392506627,0.7115308500884661,-0.020650919414742626,-1.4187287085219529,0.21637521918305525,0.0,-0.5431059093556048,-0.4694027940381773,-0.3333333333333333,2.130366526788651,-0.4694027940381773,-0.4694027940381773,0.0,-0.19355613383523898,-0.3485617981116172,-0.19355613383523898,0.0,-0.3485617981116172,-0.26726124191242434,-0.1856953381770519,1.3301243435223524,0.0,-0.3485617981116172,0.0,-0.19355613383523898,0.0,0.0,-0.3435293617149026,-0.4472135954999579,0.7654430636568867,-0.5602397818244311,0.0,0.0,0.5602397818244311,0.4649905549752772
-0.993108086713967,-1.0178923077168582,-0.4649905549752772,0.13622470693500846,-0.14031528407657037,0.6692625785625989,0.7115308500884661,-0.6849953907996534,-1.4187287085219529,0.411369512633205,0.0,-0.5431059093556048,-0.4694027940381773,-0.3333333333333333,2.130366526788651,-0.4694027940381773,-0.4694027940381773,0.0,-0.19355613383523898,2.868931722918695,-0.19355613383523898,0.0,-0.3485617981116172,-0.26726124191242434,-0.1856953381770519,-0.7518094115561123,0.0,-0.3485617981116172,0.0,-0.19355613383523898,0.0,0.0,-0.3435293617149026,-0.4472135954999579,-1.3064328981211524,-0.5602397818244311,0.0,0.0,0.5602397818244311,0.4649905549752772
-0.993108086713967,-1.0178923077168582,-0.4649905549752772,-0.2909668482193776,-0.5412160957239143,0.2827812715420628,0.7115308500884661,-0.6849953907996534,-1.4187287085219529,0.10524757774313703,0.0,-0.5431059093556048,-0.4694027940381773,-0.3333333333333333,2.130366526788651,-0.4694027940381773,-0.4694027940381773,0.0,-0.19355613383523898,-0.3485617981116172,-0.19355613383523898,0.0,-0.3485617981116172,-0.26726124191242434,-0.1856953381770519,-0.7518094115561123,0.0,-0.3485617981116172,0.0,-0.19355613383523898,0.0,0.0,2.910959328215754,-0.4472135954999579,0.7654430636568867,-0.5602397818244311,0.0,0.0,0.5602397818244311,0.4649905549752772
-0.993108086713967,-1.0178923077168582,2.1505813167606567,2.3539666093556395,1.864188774160149,0.9311360114855395,-1.4054204394309369,-0.8431726458912989,-1.4187287085219529,0.9102192495965908,0.0,1.8412614975714408,-0.4694027940381773,-0.3333333333333333,2.130366526788651,-0.4694027940381773,-0.4694027940381773,0.0,-0.19355613383523898,-0.3485617981116172,5.166459880063687,0.0,-0.3485617981116172,-0.26726124191242434,-0.1856953381770519,-0.7518094115561123,0.0,-0.3485617981116172,0.0,-0.19355613383523898,0.0,0.0,-0.3435293617149026,2.23606797749979,-1.3064328981211524,1.7849500025569083,0.0,0.0,-1.7849500025569083,-2.1505813167606562
-0.9546403751562924,-1.0178923077168582,-0.4649905549752772,-1.3567706263540475,-0.5412160957239143,-0.626321773793,0.7115308500884661,0.010984531603586464,-0.3502300995932852,-2.277295922863333,0.0,1.8412614975714408,-0.4694027940381773,-0.3333333333333333,-0.4694027940381773,-0.4694027940381773,-0.4694027940381773,0.0,-0.19355613383523898,-0.3485617981116172,-0.19355613383523898,0.0,-0.3485617981116172,-0.26726124191242434,-0.1856953381770519,1.3301243435223524,0.0,-0.3485617981116172,0.0,-0.19355613383523898,0.0,0.0,-0.3435293617149026,2.23606797749979,-1.3064328981211524,-0.5602397818244311,0.0,0.0,0.5602397818244311,0.4649905549752772
-0.9546403751562924,-1.0178923077168582,-0.4649905549752772,2.2260701559794795,-0.9421169073712581,0.8903501384739101,0.7115308500884661,0.042619982621915554,-0.3502300995932852,3.1322188021273805,0.0,-0.5431059093556048,-0.4694027940381773,-0.3333333333333333,-0.4694027940381773,-0.4694027940381773,-0.4694027940381773,0.0,-0.19355613383523898,-0.3485617981116172,-0.19355613383523898,0.0,-0.3485617981116172,-0.26726124191242434,-0.1856953381770519,1.3301243435223524,0.0,-0.3485617981116172,0.0,-0.19355613383523898,0.0,0.0,-0.3435293617149026,-0.4472135954999579,0.7654430636568867,-0.5602397818244311,0.0,0.0,0.5602397818244311,0.4649905549752772
-0.9546403751562924,-1.0178923077168582,-0.4649905549752772,-0.2048325020680859,-0.5412160957239143,0.3103468960602671,0.7115308500884661,-0.6533599397813245,-0.3502300995932852,-2.277295922863333,0.0,-0.5431059093556048,-0.4694027940381773,-0.3333333333333333,-0.4694027940381773,-0.4694027940381773,-0.4694027940381773,0.0,-0.19355613383523898,2.868931722918695,-0.19355613383523898,0.0,-0.3485617981116172,-0.26726124191242434,-0.1856953381770519,-0.7518094115561123,0.0,-0.3485617981116172,0.0,-0.19355613383523898,0.0,0.0,-0.3435293617149026,-0.4472135954999579,0.7654430636568867,-0.5602397818244311,0.0,0.0,0.5602397818244311,0.4649905549752772
-0.9546403751562924,-1.0178923077168582,-0.4649905549752772,2.1834380048540925,-0.14031528407657037,1.2487032572105654,0.7115308500884661,-0.6533599397813245,-0.3502300995932852,-2.277295922863333,0.0,-0.5431059093556048,-0.4694027940381773,-0.3333333333333333,-0.4694027940381773,-0.4694027940381773,-0.4694027940381773,0.0,-0.19355613383523898,-0.3485617981116172,-0.19355613383523898,0.0,-0.3485617981116172,-0.26726124191242434,-0.1856953381770519,-0.7518094115561123,0.0,2.868931722918695,0.0,-0.19355613383523898,0.0,0.0,-0.3435293617149026,-0.4472135954999579,0.7654430636568867,-0.5602397818244311,0.0,0.0,0.5602397818244311,0.4649905549752772
-0.9546403751562924,-1.0178923077168582,2.1505813167606567,1.884142903075867,-0.5412160957239143,1.9929751192020801,0.7115308500884661,-0.6533599397813245,-0.3502300995932852,-2.277295922863333,0.0,-0.5431059093556048,-0.4694027940381773,-0.3333333333333333,-0.4694027940381773,-0.4694027940381773,-0.4694027940381773,0.0,-0.19355613383523898,-0.3485617981116172,-0.19355613383523898,0.0,-0.3485617981116172,-0.26726124191242434,-0.1856953381770519,-0.7518094115561123,0.0,-0.3485617981116172,0.0,-0.19355613383523898,0.0,0.0,2.910959328215754,-0.4472135954999579,0.7654430636568867,1.7849500025569083,0.0,0.0,-1.7849500025569083,-2.1505813167606562
-0.9161726635986178,-1.0178923077168582,-0.4649905549752772,-1.3567706263540475,1.864188774160149,-0.6263217737929991,-1.4054204394309369,-0.7799017438546407,-0.3502300995932852,-2.277295922863333,0.0,-0.5431059093556048,-0.4694027940381773,2.9999999999999996,-0.4694027940381773,-0.4694027940381773,-0.4694027940381773,0.0,-0.19355613383523898,-0.3485617981116172,-0.19355613383523898,0.0,-0.3485617981116172,3.741657386773941,-0.1856953381770519,-0.7518094115561123,0.0,-0.3485617981116172,0.0,-0.19355613383523898,0.0,0.0,-0.3435293617149026,-0.4472135954999579,0.7654430636568867,1.7849500025569083,0.0,0.0,-1.7849500025569083,0.4649905549752772
-0.9161726635986178,-1.0178923077168582,-0.4649905549752772,-0.16220035094269908,-0.9421169073712581,-0.7090186473476119,0.7115308500884661,-0.7482662928363116,-0.3502300995932852,-0.4736864723018347,0.0,-0.5431059093556048,-0.4694027940381773,2.9999999999999996,-0.4694027940381773,-0.4694027940381773,-0.4694027940381773,0.0,-0.19355613383523898,-0.3485617981116172,-0.19355613383523898,0.0,-0.3485617981116172,3.741657386773941,-0.1856953381770519,-0.7518094115561123,0.0,-0.3485617981116172,0.0,-0.19355613383523898,0.0,0.0,-0.3435293617149026,2.23606797749979,-1.3064328981211524,1.7849500025569083,0.0,0.0,-1.7849500025569083,0.4649905549752772
-0.9161726635986178,-1.0178923077168582,-0.4649905549752772,-0.2048325020680859,1.864188774160149,-0.6822968684779247,-1.4054204394309369,-0.8431726458912989,-0.3502300995932852,-2.277295922863333,0.0,-0.5431059093556048,-0.4694027940381773,2.9999999999999996,-0.4694027940381773,-0.4694027940381773,-0.4694027940381773,0.0,-0.19355613383523898,-0.3485617981116172,-0.19355613383523898,0.0,-0.3485617981116172,-0.26726124191242434,5.385164807134505,-0.7518094115561123,0.0,-0.3485617981116172,0.0,-0.19355613383523898,0.0,0.0,-0.3435293617149026,-0.4472135954999579,0.7654430636568867,1.7849500025569083,0.0,0.0,-1.7849500025569083,0.4649905549752772
-0.8392372404832685,-0.7492403789939337,-0.4649905549752772,-1.3567706263540475,0.26058552757077347,0.8627845139557064,-1.4054204394309369,0.042619982621915554,-0.3502300995932852,1.297082310915135,0.0,1.8412614975714408,2.130366526788651,-0.3333333333333333,-0.4694027940381773,-0.4694027940381773,-0.4694027940381773,0.0,-0.19355613383523898,-0.3485617981116172,-0.19355613383523898,0.0,-0.3485617981116172,-0.26726124191242434,-0.1856953381770519,1.3301243435223524,0.0,-0.3485617981116172,0.0,-0.19355613383523898,0.0,0.0,-0.3435293617149026,-0.4472135954999579,0.7654430636568867,-0.5602397818244311,0.0,0.0,0.5602397818244311,0.4649905549752772
-0.8392372404832685,-0.7492403789939337,-0.4649905549752772,0.39201761368732935,-0.9421169073712581,1.028178261064932,0.7115308500884661,0.07425543364024464,-0.3502300995932852,0.9857527844890065,0.0,-0.5431059093556048,2.130366526788651,-0.3333333333333333,-0.4694027940381773,-0.4694027940381773,-0.4694027940381773,0.0,-0.19355613383523898,-0.3485617981116172,-0.19355613383523898,0.0,-0.3485617981116172,-0.26726124191242434,-0.1856953381770519,1.3301243435223524,0.0,-0.3485617981116172,0.0,-0.19355613383523898,0.0,0.0,-0.3435293617149026,-0.4472135954999579,0.7654430636568867,-0.5602397818244311,0.0,0.0,0.5602397818244311,0.4649905549752772
-0.8392372404832685,-0.7492403789939337,-0.4649905549752772,1.6709821474489328,1.0623871508654612,0.5590000804897821,-1.4054204394309369,-0.6533599397813245,-0.3502300995932852,-2.277295922863333,0.0,-0.5431059093556048,2.130366526788651,-0.3333333333333333,-0.4694027940381773,-0.4694027940381773,-0.4694027940381773,0.0,-0.19355613383523898,-0.3485617981116172,-0.19355613383523898,0.0,2.868931722918695,-0.26726124191242434,-0.1856953381770519,-0.7518094115561123,0.0,-0.3485617981116172,0.0,-0.19355613383523898,0.0,0.0,-0.3435293617149026,-0.4472135954999579,0.7654430636568867,-0.5602397818244311,0.0,0.0,0.5602397818244311,0.4649905549752772
-0.8392372404832685,-0.7492403789939337,-0.4649905549752772,-0.3762311504701512,-0.9421169073712581,0.2276500225056541,0.7115308500884661,-0.6217244887629954,-0.3502300995932852,-0.7968386389719939,0.0,-0.5431059093556048,2.130366526788651,-0.3333333333333333,-0.4694027940381773,-0.4694027940381773,-0.4694027940381773,0.0,-0.19355613383523898,-0.3485617981116172,-0.19355613383523898,0.0,2.868931722918695,-0.26726124191242434,-0.1856953381770519,-0.7518094115561123,0.0,-0.3485617981116172,0.0,-0.19355613383523898,0.0,0.0,-0.3435293617149026,-0.4472135954999579,0.7654430636568867,-0.5602397818244311,0.0,0.0,0.5602397818244311,0.4649905549752772
-0.8392372404832685,-0.7492403789939337,2.1505813167606567,-0.0343038975665388,1.864188774160149,-0.957671831777128,-1.4054204394309369,-0.8431726458912989,-0.3502300995932852,-2.277295922863333,0.0,-0.5431059093556048,2.130366526788651,-0.3333333333333333,-0.4694027940381773,-0.4694027940381773,-0.4694027940381773,0.0,-0.19355613383523898,-0.3485617981116172,-0.19355613383523898,0.0,-0.3485617981116172,-0.26726124191242434,-0.1856953381770519,-0.7518094115561123,0.0,-0.3485617981116172,0.0,5.166459880063687,0.0,0.0,-0.3435293617149026,2.23606797749979,-1.3064328981211524,1.7849500025569083,0.0,0.0,-1.7849500025569083,-2.1505813167606562
-0.8007695289255938,-0.7492403789939337,-0.4649905549752772,-1.3567706263540475,-0.5412160957239143,0.6692625785625983,0.7115308500884661,0.10589088465857373,-0.3502300995932852,1.3128458312405085,0.0,-0.5431059093556048,-0.4694027940381773,-0.3333333333333333,-0.4694027940381773,2.130366526788651,-0.4694027940381773,0.0,-0.19355613383523898,-0.3485617981116172,-0.19355613383523898,0.0,-0.3485617981116172,-0.26726124191242434,-0.1856953381770519,1.3301243435223524,0.0,-0.3485617981116172,0.0,-0.19355613383523898,0.0,0.0,-0.3435293617149026,-0.4472135954999579,0.7654430636568867,-0.5602397818244311,0.0,0.0,0.5602397818244311,0.4649905549752772
-0.8007695289255938,-0.7492403789939337,-0.4649905549752772,-0.11956819981731227,-0.9421169073712581,0.7243938275990076,0.7115308500884661,0.1375263356769028,-0.3502300995932852,0.9684129121310948,0.0,-0.5431059093556048,-0.4694027940381773,-0.3333333333333333,-0.4694027940381773,2.130366526788651,-0.4694027940381773,0.0,-0.19355613383523898,-0.3485617981116172,-0.19355613383523898,0.0,-0.3485617981116172,-0.26726124191242434,-0.1856953381770519,1.3301243435223524,0.0,-0.3485617981116172,0.0,-0.19355613383523898,0.0,0.0,-0.3435293617149026,-0.4472135954999579,0.7654430636568867,-0.5602397818244311,0.0,0.0,0.5602397818244311,0.4649905549752772
-0.8007695289255938,-0.7492403789939337,-0.4649905549752772,0.39201761368732935,0.6614863392181173,1.193009444408479,-1.4054204394309369,-0.6533599397813245,-0.3502300995932852,2.6159635114713944,0.0,-0.5431059093556048,-0.4694027940381773,-0.3333333333333333,-0.4694027940381773,2.130366526788651,-0.4694027940381773,0.0,-0.19355613383523898,-0.3485617981116172,-0.19355613383523898,0.0,-0.3485617981116172,-0.26726124191242434,-0.1856953381770519,-0.7518094115561123,0.0,2.868931722918695,0.0,-0.19355613383523898,0.0,0.0,-0.3435293617149026,-0.4472135954999579,0.7654430636568867,-0.5602397818244311,0.0,0.0,0.5602397818244311,0.4649905549752772
-0.8007695289255938,-0.7492403789939337,-0.4649905549752772,2.268702307104866,0.6614863392181173,1.7443219347725634,-1.4054204394309369,-0.6533599397813245,-0.3502300995932852,3.0678510941321044,0.0,-0.5431059093556048,-0.4694027940381773,-0.3333333333333333,-0.4694027940381773,2.130366526788651,-0.4694027940381773,0.0,-0.19355613383523898,2.868931722918695,-0.19355613383523898,0.0,-0.3485617981116172,-0.26726124191242434,-0.1856953381770519,-0.7518094115561123,0.0,-0.3485617981116172,0.0,-0.19355613383523898,0.0,0.0,-0.3435293617149026,-0.4472135954999579,-1.3064328981211524,-0.5602397818244311,0.0,0.0,0.5602397818244311,0.4649905549752772
-0.8007695289255938,-0.7492403789939337,2.1505813167606567,-0.2048325020680859,1.864188774160149,-0.9582343955428054,-1.4054204394309369,-0.8431726458912989,-0.3502300995932852,-2.277295922863333,0.0,-0.5431059093556048,-0.4694027940381773,-0.3333333333333333,-0.4694027940381773,2.130366526788651,-0.4694027940381773,0.0,5.166459880063687,-0.3485617981116172,-0.19355613383523898,0.0,-0.3485617981116172,-0.26726124191242434,-0.1856953381770519,-0.7518094115561123,0.0,-0.3485617981116172,0.0,-0.19355613383523898,0.0,0.0,-0.3435293617149026,-0.4472135954999579,0.7654430636568867,1.7849500025569083,0.0,0.0,-1.7849500025569083,-2.1505813167606562
-0.7623018173679192,-0.7492403789939337,-0.4649905549752772,-1.3567706263540475,-0.5412160957239143,0.7243938275990076,0.7115308500884661,0.1691617866952319,-0.3502300995932852,0.8675263820487041,0.0,-0.5431059093556048,-0.4694027940381773,-0.3333333333333333,-0.4694027940381773,-0.4694027940381773,2.130366526788651,0.0,-0.19355613383523898,-0.3485617981116172,-0.19355613383523898,0.0,-0.3485617981116172,-0.26726124191242434,-0.1856953381770519,1.3301243435223524,0.0,-0.3485617981116172,0.0,-0.19355613383523898,0.0,0.0,-0.3435293617149026,-0.4472135954999579,0.7654430636568867,-0.5602397818244311,0.0,0.0,0.5602397818244311,0.4649905549752772
-0.7623018173679192,-0.7492403789939337,-0.4649905549752772,-0.3762311504701512,-0.9421169073712581,-0.5993187130404733,0.7115308500884661,0.200797237713561,-0.3502300995932852,0.6297599504743184,0.0,1.8412614975714408,-0.4694027940381773,-0.3333333333333333,-0.4694027940381773,-0.4694027940381773,2.130366526788651,0.0,-0.19355613383523898,-0.3485617981116172,-0.19355613383523898,0.0,-0.3485617981116172,-0.26726124191242434,-0.1856953381770519,1.3301243435223524,0.0,-0.3485617981116172,0.0,-0.19355613383523898,0.0,0.0,-0.3435293617149026,-0.4472135954999579,0.7654430636568867,-0.5602397818244311,0.0,0.0,0.5602397818244311,0.4649905549752772
-0.7623018173679192,-0.7492403789939337,-0.4649905549752772,0.0935925558096218,1.0623871508654612,3.206425161768744,-1.4054204394309369,-0.6533599397813245,-0.3502300995932852,2.036654139513914,0.0,-0.5431059093556048,-0.4694027940381773,-0.3333333333333333,-0.4694027940381773,-0.4694027940381773,2.130366526788651,0.0,-0.19355613383523898,-0.3485617981116172,-0.19355613383523898,0.0,-0.3485617981116172,-0.26726124191242434,-0.1856953381770519,-0.7518094115561123,0.0,-0.3485617981116172,0.0,-0.19355613383523898,0.0,0.0,2.910959328215754,2.23606797749979,-1.3064328981211524,-0.5602397818244311,0.0,0.0,0.5602397818244311,0.4649905549752772
-0.7623018173679192,-0.7492403789939337,-0.4649905549752772,-0.5893919060970851,-0.5412160957239143,2.737246981193594,0.7115308500884661,-0.6217244887629954,-0.3502300995932852,2.9062750107970254,0.0,-0.5431059093556048,-0.4694027940381773,-0.3333333333333333,-0.4694027940381773,-0.4694027940381773,2.130366526788651,0.0,-0.19355613383523898,-0.3485617981116172,-0.19355613383523898,0.0,-0.3485617981116172,-0.26726124191242434,-0.1856953381770519,-0.7518094115561123,0.0,2.868931722918695,0.0,-0.19355613383523898,0.0,0.0,-0.3435293617149026,-0.4472135954999579,0.7654430636568867,-0.5602397818244311,0.0,0.0,0.5602397818244311,0.4649905549752772
-0.7623018173679192,-0.7492403789939337,2.1505813167606567,-0.2048325020680859,-0.14031528407657037,0.2276500225056541,0.7115308500884661,-0.5900890377446663,-0.3502300995932852,-0.538710993644001,0.0,-0.5431059093556048,-0.4694027940381773,-0.3333333333333333,-0.4694027940381773,-0.4694027940381773,2.130366526788651,0.0,-0.19355613383523898,-0.3485617981116172,-0.19355613383523898,0.0,2.868931722918695,-0.26726124191242434,-0.1856953381770519,-0.7518094115561123,0.0,-0.3485617981116172,0.0,-0.19355613383523898,0.0,0.0,-0.3435293617149026,-0.4472135954999579,-1.3064328981211524,-0.5602397818244311,0.0,0.0,0.5602397818244311,-2.1505813167606562
-0.7238341058102445,-0.7492403789939337,-0.4649905549752772,-1.3567706263540475,-0.5412160957239143,-0.461490590449452,0.7115308500884661,0.23243268873189007,-0.3502300995932852,0.5401049286237563,0.0,-0.5431059093556048,-0.4694027940381773,-0.3333333333333333,2.130366526788651,-0.4694027940381773,-0.4694027940381773,0.0,-0.19355613383523898,-0.3485617981116172,-0.19355613383523898,0.0,-0.3485617981116172,-0.26726124191242434,-0.1856953381770519,1.3301243435223524,0.0,-0.3485617981116172,0.0,-0.19355613383523898,0.0,0.0,-0.3435293617149026,-0.4472135954999579,-1.3064328981211524,-0.5602397818244311,0.0,0.0,0.5602397818244311,0.4649905549752772
-0.7238341058102445,-0.7492403789939337,-0.4649905549752772,2.1834380048540925,-0.9421169073712581,0.6968282030808032,0.7115308500884661,0.2640681397502192,-0.3502300995932852,0.8209656136802391,0.0,-0.5431059093556048,-0.4694027940381773,-0.3333333333333333,2.130366526788651,-0.4694027940381773,-0.4694027940381773,0.0,-0.19355613383523898,-0.3485617981116172,-0.19355613383523898,0.0,-0.3485617981116172,-0.26726124191242434,-0.1856953381770519,1.3301243435223524,0.0,-0.3485617981116172,0.0,-0.19355613383523898,0.0,0.0,-0.3435293617149026,-0.4472135954999579,0.7654430636568867,-0.5602397818244311,0.0,0.0,0.5602397818244311,0.4649905549752772
-0.7238341058102445,-0.7492403789939337,-0.4649905549752772,-0.46149545272092485,-0.14031528407657037,0.5590000804897821,0.7115308500884661,-0.6217244887629954,-0.3502300995932852,1.2648984569174972,0.0,-0.5431059093556048,-0.4694027940381773,-0.3333333333333333,2.130366526788651,-0.4694027940381773,-0.4694027940381773,0.0,-0.19355613383523898,2.868931722918695,-0.19355613383523898,0.0,-0.3485617981116172,-0.26726124191242434,-0.1856953381770519,-0.7518094115561123,0.0,-0.3485617981116172,0.0,-0.19355613383523898,0.0,0.0,-0.3435293617149026,-0.4472135954999579,-1.3064328981211524,-0.5602397818244311,0.0,0.0,0.5602397818244311,0.4649905549752772
-0.7238341058102445,-0.7492403789939337,-0.4649905549752772,-0.11956819981731227,-0.5412160957239143,1.5789281876633385,0.7115308500884661,-0.6217244887629954,-0.3502300995932852,0.4589884802827708,0.0,-0.5431059093556048,-0.4694027940381773,-0.3333333333333333,2.130366526788651,-0.4694027940381773,-0.4694027940381773,0.0,-0.19355613383523898,-0.3485617981116172,-0.19355613383523898,0.0,-0.3485617981116172,-0.26726124191242434,-0.1856953381770519,-0.7518094115561123,0.0,-0.3485617981116172,0.0,-0.19355613383523898,0.0,0.0,2.910959328215754,-0.4472135954999579,0.7654430636568867,-0.5602397818244311,0.0,0.0,0.5602397818244311,0.4649905549752772
-0.7238341058102445,-0.7492403789939337,2.1505813167606567,-0.11956819981731227,1.864188774160149,0.6141313295261908,-1.4054204394309369,-0.8431726458912989,-0.3502300995932852,-2.277295922863333,0.0,-0.5431059093556048,-0.4694027940381773,-0.3333333333333333,2.130366526788651,-0.4694027940381773,-0.4694027940381773,0.0,-0.19355613383523898,-0.3485617981116172,5.166459880063687,0.0,-0.3485617981116172,-0.26726124191242434,-0.1856953381770519,-0.7518094115561123,0.0,-0.3485617981116172,0.0,-0.19355613383523898,0.0,0.0,-0.3435293617149026,-0.4472135954999579,0.7654430636568867,1.7849500025569083,0.0,0.0,-1.7849500025569083,-2.1505813167606562
-0.68536639425257,-0.7492403789939337,-0.4649905549752772,-1.3567706263540475,-0.5412160957239143,0.6416969540443951,0.7115308500884661,0.29570359076854824,-0.3502300995932852,0.6463116468159609,0.0,-0.5431059093556048,-0.4694027940381773,-0.3333333333333333,-0.4694027940381773,-0.4694027940381773,-0.4694027940381773,0.0,-0.19355613383523898,-0.3485617981116172,-0.19355613383523898,0.0,-0.3485617981116172,-0.26726124191242434,-0.1856953381770519,1.3301243435223524,0.0,-0.3485617981116172,0.0,-0.19355613383523898,0.0,0.0,-0.3435293617149026,-0.4472135954999579,-1.3064328981211524,-0.5602397818244311,0.0,0.0,0.5602397818244311,0.4649905549752772
-0.68536639425257,-0.7492403789939337,-0.4649905549752772,0.34938546256194236,-0.9421169073712581,0.8070907011536206,0.7115308500884661,0.32733904178687734,-0.3502300995932852,0.6147129538000983,0.0,-0.5431059093556048,-0.4694027940381773,-0.3333333333333333,-0.4694027940381773,-0.4694027940381773,-0.4694027940381773,0.0,-0.19355613383523898,-0.3485617981116172,-0.19355613383523898,0.0,-0.3485617981116172,-0.26726124191242434,-0.1856953381770519,1.3301243435223524,0.0,-0.3485617981116172,0.0,-0.19355613383523898,0.0,0.0,-0.3435293617149026,-0.4472135954999579,0.7654430636568867,-0.5602397818244311,0.0,0.0,0.5602397818244311,0.4649905549752772
-0.68536639425257,-0.7492403789939337,-0.4649905549752772,0.39201761368732935,-0.5412160957239143,0.6698251423282772,0.7115308500884661,-0.5900890377446663,-0.3502300995932852,0.706826049842812,0.0,-0.5431059093556048,-0.4694027940381773,-0.3333333333333333,-0.4694027940381773,-0.4694027940381773,-0.4694027940381773,0.0,-0.19355613383523898,2.868931722918695,-0.19355613383523898,0.0,-0.3485617981116172,-0.26726124191242434,-0.1856953381770519,-0.7518094115561123,0.0,-0.3485617981116172,0.0,-0.19355613383523898,0.0,0.0,-0.3435293617149026,-0.4472135954999579,0.7654430636568867,-0.5602397818244311,0.0,0.0,0.5602397818244311,0.4649905549752772
-0.68536639425257,-0.7492403789939337,-0.4649905549752772,-0.07693604869192547,-0.14031528407657037,2.020540743720284,0.7115308500884661,-0.5900890377446663,-0.3502300995932852,1.7581652804323131,0.0,-0.5431059093556048,-0.4694027940381773,-0.3333333333333333,-0.4694027940381773,-0.4694027940381773,-0.4694027940381773,0.0,-0.19355613383523898,-0.3485617981116172,-0.19355613383523898,0.0,-0.3485617981116172,-0.26726124191242434,-0.1856953381770519,-0.7518094115561123,0.0,2.868931722918695,0.0,-0.19355613383523898,0.0,0.0,-0.3435293617149026,2.23606797749979,-1.3064328981211524,-0.5602397818244311,0.0,0.0,0.5602397818244311,0.4649905549752772
-0.68536639425257,-0.7492403789939337,2.1505813167606567,0.22148900918578207,-0.5412160957239143,-0.020440598158183755,0.7115308500884661,-0.5900890377446663,-0.3502300995932852,0.16955273208632787,0.0,-0.5431059093556048,-0.4694027940381773,-0.3333333333333333,-0.4694027940381773,-0.4694027940381773,-0.4694027940381773,0.0,-0.19355613383523898,-0.3485617981116172,-0.19355613383523898,0.0,-0.3485617981116172,-0.26726124191242434,-0.1856953381770519,-0.7518094115561123,0.0,-0.3485617981116172,0.0,-0.19355613383523898,0.0,0.0,2.910959328215754,-0.4472135954999579,0.7654430636568867,1.7849500025569083,0.0,0.0,-1.7849500025569083,-2.1505813167606562
-0.6468986826948953,-0.7492403789939337,-0.4649905549752772,-1.3567706263540475,1.864188774160149,-0.8192811454204286,-1.4054204394309369,-0.7482662928363116,-0.3502300995932852,-0.5058703262994726,0.0,-0.5431059093556048,-0.4694027940381773,2.9999999999999996,-0.4694027940381773,-0.4694027940381773,-0.4694027940381773,0.0,-0.19355613383523898,-0.3485617981116172,-0.19355613383523898,0.0,-0.3485617981116172,3.741657386773941,-0.1856953381770519,-0.7518094115561123,0.0,-0.3485617981116172,0.0,-0.19355613383523898,0.0,0.0,-0.3435293617149026,-0.4472135954999579,0.7654430636568867,1.7849500025569083,0.0,0.0,-1.7849500025569083,0.4649905549752772
-0.6468986826948953,-0.7492403789939337,-0.4649905549752772,-0.16220035094269908,-0.9421169073712581,-0.8744123944568373,0.7115308500884661,-0.7166308418179825,-0.3502300995932852,-0.4951423749669264,0.0,1.8412614975714408,-0.4694027940381773,2.9999999999999996,-0.4694027940381773,-0.4694027940381773,-0.4694027940381773,0.0,-0.19355613383523898,-0.3485617981116172,-0.19355613383523898,0.0,-0.3485617981116172,3.741657386773941,-0.1856953381770519,-0.7518094115561123,0.0,-0.3485617981116172,0.0,-0.19355613383523898,0.0,0.0,-0.3435293617149026,-0.4472135954999579,0.7654430636568867,1.7849500025569083,0.0,0.0,-1.7849500025569083,0.4649905549752772
-0.6468986826948953,-0.7492403789939337,-0.4649905549752772,0.22148900918578207,1.864188774160149,-0.9306687710246014,-1.4054204394309369,-0.8431726458912989,-0.3502300995932852,-0.9255740549625452,0.0,-0.5431059093556048,-0.4694027940381773,2.9999999999999996,-0.4694027940381773,-0.4694027940381773,-0.4694027940381773,0.0,-0.19355613383523898,-0.3485617981116172,-0.19355613383523898,0.0,-0.3485617981116172,-0.26726124191242434,5.385164807134505,-0.7518094115561123,0.0,-0.3485617981116172,0.0,-0.19355613383523898,0.0,0.0,-0.3435293617149026,-0.4472135954999579,0.7654430636568867,1.7849500025569083,0.0,0.0,-1.7849500025569083,0.4649905549752772
-0.569963259579546,-0.48058845027100916,-0.4649905549752772,-1.3567706263540475,0.26058552757077347,-0.3512280923766352,-1.4054204394309369,0.32733904178687734,-0.3502300995932852,0.5937446852864857,0.0,-0.5431059093556048,2.130366526788651,-0.3333333333333333,-0.4694027940381773,-0.4694027940381773,-0.4694027940381773,0.0,-0.19355613383523898,-0.3485617981116172,-0.19355613383523898,0.0,-0.3485617981116172,-0.26726124191242434,-0.1856953381770519,1.3301243435223524,0.0,-0.3485617981116172,0.0,-0.19355613383523898,0.0,0.0,-0.3435293617149026,-0.4472135954999579,0.7654430636568867,-0.5602397818244311,0.0,0.0,0.5602397818244311,0.4649905549752772
-0.569963259579546,-0.48058845027100916,-0.4649905549752772,2.1408058537287062,-0.9421169073712581,1.3314001307651784,0.7115308500884661,0.35897449280520644,-0.3502300995932852,0.7791092007365128,0.0,-0.5431059093556048,2.130366526788651,-0.3333333333333333,-0.4694027940381773,-0.4694027940381773,-0.4694027940381773,0.0,-0.19355613383523898,-0.3485617981116172,-0.19355613383523898,0.0,-0.3485617981116172,-0.26726124191242434,-0.1856953381770519,1.3301243435223524,0.0,-0.3485617981116172,0.0,-0.19355613383523898,0.0,0.0,-0.3435293617149026,-0.4472135954999579,0.7654430636568867,-0.5602397818244311,0.0,0.0,0.5602397818244311,0.4649905549752772
-0.569963259579546,-0.48058845027100916,-0.4649905549752772,-0.33359899934476445,1.0623871508654612,-0.7371468356314939,-1.4054204394309369,-0.5900890377446663,-0.3502300995932852,-0.3883007372060609,0.0,1.8412614975714408,2.130366526788651,-0.3333333333333333,-0.4694027940381773,-0.4694027940381773,-0.4694027940381773,0.0,-0.19355613383523898,-0.3485617981116172,-0.19355613383523898,0.0,2.868931722918695,-0.26726124191242434,-0.1856953381770519,-0.7518094115561123,0.0,-0.3485617981116172,0.0,-0.19355613383523898,0.0,0.0,-0.3435293617149026,-0.4472135954999579,0.7654430636568867,-0.5602397818244311,0.0,0.0,0.5602397818244311,0.4649905549752772
-0.569963259579546,-0.48058845027100916,-0.4649905549752772,1.7136142985743197,-0.9421169073712581,0.6141313295261908,0.7115308500884661,-0.5584535867263372,-0.3502300995932852,0.29839761696802747,0.0,-0.5431059093556048,2.130366526788651,-0.3333333333333333,-0.4694027940381773,-0.4694027940381773,-0.4694027940381773,0.0,-0.19355613383523898,-0.3485617981116172,-0.19355613383523898,0.0,2.868931722918695,-0.26726124191242434,-0.1856953381770519,-0.7518094115561123,0.0,-0.3485617981116172,0.0,-0.19355613383523898,0.0,0.0,-0.3435293617149026,-0.4472135954999579,0.7654430636568867,-0.5602397818244311,0.0,0.0,0.5602397818244311,0.4649905549752772
-0.569963259579546,-0.48058845027100916,2.1505813167606567,0.1788568580603951,1.864188774160149,-0.7365842718658159,-1.4054204394309369,-0.8431726458912989,-0.3502300995932852,-0.21621564032073237,0.0,1.8412614975714408,2.130366526788651,-0.3333333333333333,-0.4694027940381773,-0.4694027940381773,-0.4694027940381773,0.0,-0.19355613383523898,-0.3485617981116172,-0.19355613383523898,0.0,-0.3485617981116172,-0.26726124191242434,-0.1856953381770519,-0.7518094115561123,0.0,-0.3485617981116172,0.0,5.166459880063687,0.0,0.0,-0.3435293617149026,-0.4472135954999579,0.7654430636568867,1.7849500025569083,0.0,0.0,-1.7849500025569083,-2.1505813167606562
-0.5314955480218714,-0.48058845027100916,-0.4649905549752772,-1.3567706263540475,-0.5412160957239143,0.889787574708233,0.7115308500884661,0.39060994382353553,-0.3502300995932852,0.6711391913284243,0.0,-0.5431059093556048,-0.4694027940381773,-0.3333333333333333,-0.4694027940381773,2.130366526788651,-0.4694027940381773,0.0,-0.19355613383523898,-0.3485617981116172,-0.19355613383523898,0.0,-0.3485617981116172,-0.26726124191242434,-0.1856953381770519,1.3301243435223524,0.0,-0.3485617981116172,0.0,-0.19355613383523898,0.0,0.0,-0.3435293617149026,-0.4472135954999579,0.7654430636568867,-0.5602397818244311,0.0,0.0,0.5602397818244311,0.4649905549752772
-0.5314955480218714,-0.48058845027100916,-0.4649905549752772,0.39201761368732935,-0.9421169073712581,0.889787574708233,0.7115308500884661,0.42224539484186463,-0.3502300995932852,0.6506028273489789,0.0,-0.5431059093556048,-0.4694027940381773,-0.3333333333333333,-0.4694027940381773,2.130366526788651,-0.4694027940381773,0.0,-0.19355613383523898,-0.3485617981116172,-0.19355613383523898,0.0,-0.3485617981116172,-0.26726124191242434,-0.1856953381770519,1.3301243435223524,0.0,-0.3485617981116172,0.0,-0.19355613383523898,0.0,0.0,-0.3435293617149026,-0.4472135954999579,0.7654430636568867,-0.5602397818244311,0.0,0.0,0.5602397818244311,0.4649905549752772
-0.5314955480218714,-0.48058845027100916,-0.4649905549752772,-0.07693604869192547,0.6614863392181173,0.94548138751032,-1.4054204394309369,-0.5900890377446663,-0.3502300995932852,1.3450296852381467,0.0,-0.5431059093556048,-0.4694027940381773,-0.3333333333333333,-0.4694027940381773,2.130366526788651,-0.4694027940381773,0.0,-0.19355613383523898,-0.3485617981116172,-0.19355613383523898,0.0,-0.3485617981116172,-0.26726124191242434,-0.1856953381770519,-0.7518094115561123,0.0,2.868931722918695,0.0,-0.19355613383523898,0.0,0.0,-0.3435293617149026,2.23606797749979,-1.3064328981211524,-0.5602397818244311,0.0,0.0,0.5602397818244311,0.4649905549752772
-0.5314955480218714,-0.48058845027100916,-0.4649905549752772,-0.16220035094269908,0.6614863392181173,-0.7917155209022245,-1.4054204394309369,-0.5900890377446663,-0.3502300995932852,0.4438817733042879,0.0,1.8412614975714408,-0.4694027940381773,-0.3333333333333333,-0.4694027940381773,2.130366526788651,-0.4694027940381773,0.0,-0.19355613383523898,2.868931722918695,-0.19355613383523898,0.0,-0.3485617981116172,-0.26726124191242434,-0.1856953381770519,-0.7518094115561123,0.0,-0.3485617981116172,0.0,-0.19355613383523898,0.0,0.0,-0.3435293617149026,-0.4472135954999579,0.7654430636568867,-0.5602397818244311,0.0,0.0,0.5602397818244311,0.4649905549752772
-0.5314955480218714,-0.48058845027100916,2.1505813167606567,2.1408058537287062,1.864188774160149,-0.7652750239153763,-1.4054204394309369,-0.8431726458912989,-0.3502300995932852,0.36309373163674835,0.0,-0.5431059093556048,-0.4694027940381773,-0.3333333333333333,-0.4694027940381773,2.130366526788651,-0.4694027940381773,0.0,5.166459880063687,-0.3485617981116172,-0.19355613383523898,0.0,-0.3485617981116172,-0.26726124191242434,-0.1856953381770519,-0.7518094115561123,0.0,-0.3485617981116172,0.0,-0.19355613383523898,0.0,0.0,-0.3435293617149026,-0.4472135954999579,-1.3064328981211524,1.7849500025569083,0.0,0.0,-1.7849500025569083,-2.1505813167606562
-0.49302783646419673,-0.48058845027100916,-0.4649905549752772,-1.3567706263540475,-0.5412160957239143,-0.5441874640040647,0.7115308500884661,0.4538808458601937,-0.3502300995932852,0.5883807096202129,0.0,1.8412614975714408,-0.4694027940381773,-0.3333333333333333,-0.4694027940381773,-0.4694027940381773,2.130366526788651,0.0,-0.19355613383523898,-0.3485617981116172,-0.19355613383523898,0.0,-0.3485617981116172,-0.26726124191242434,-0.1856953381770519,1.3301243435223524,0.0,-0.3485617981116172,0.0,-0.19355613383523898,0.0,0.0,-0.3435293617149026,2.23606797749979,-1.3064328981211524,-0.5602397818244311,0.0,0.0,0.5602397818244311,0.4649905549752772
-0.49302783646419673,-0.48058845027100916,-0.4649905549752772,1.1167641828189048,-0.9421169073712581,0.39360633338055667,0.7115308500884661,0.48551629687852277,-0.3502300995932852,0.6394962424399904,0.0,1.8412614975714408,-0.4694027940381773,-0.3333333333333333,-0.4694027940381773,-0.4694027940381773,2.130366526788651,0.0,-0.19355613383523898,-0.3485617981116172,-0.19355613383523898,0.0,-0.3485617981116172,-0.26726124191242434,-0.1856953381770519,1.3301243435223524,0.0,-0.3485617981116172,0.0,-0.19355613383523898,0.0,0.0,-0.3435293617149026,-0.4472135954999579,0.7654430636568867,-0.5602397818244311,0.0,0.0,0.5602397818244311,0.4649905549752772
-0.49302783646419673,-0.48058845027100916,-0.4649905549752772,0.9888677294427444,1.0623871508654612,-0.7095812111132893,-1.4054204394309369,-0.5900890377446663,-0.3502300995932852,0.2340299089727516,0.0,-0.5431059093556048,-0.4694027940381773,-0.3333333333333333,-0.4694027940381773,-0.4694027940381773,2.130366526788651,0.0,-0.19355613383523898,-0.3485617981116172,-0.19355613383523898,0.0,-0.3485617981116172,-0.26726124191242434,-0.1856953381770519,-0.7518094115561123,0.0,-0.3485617981116172,0.0,-0.19355613383523898,0.0,0.0,2.910959328215754,-0.4472135954999579,0.7654430636568867,-0.5602397818244311,0.0,0.0,0.5602397818244311,0.4649905549752772
-0.49302783646419673,-0.48058845027100916,-0.4649905549752772,-0.41886330159553803,-0.5412160957239143,-0.6263217737929991,0.7115308500884661,-0.5584535867263372,-0.3502300995932852,0.9812864537301503,0.0,-0.5431059093556048,-0.4694027940381773,-0.3333333333333333,-0.4694027940381773,-0.4694027940381773,2.130366526788651,0.0,-0.19355613383523898,-0.3485617981116172,-0.19355613383523898,0.0,-0.3485617981116172,-0.26726124191242434,-0.1856953381770519,-0.7518094115561123,0.0,2.868931722918695,0.0,-0.19355613383523898,0.0,0.0,-0.3435293617149026,-0.4472135954999579,0.7654430636568867,-0.5602397818244311,0.0,0.0,0.5602397818244311,0.4649905549752772
-0.49302783646419673,-0.48058845027100916,2.1505813167606567,0.008328253558848009,-0.14031528407657037,0.7519594521172119,0.7115308500884661,-0.5268181357080081,-0.3502300995932852,0.24696913190649597,0.0,-0.5431059093556048,-0.4694027940381773,-0.3333333333333333,-0.4694027940381773,-0.4694027940381773,2.130366526788651,0.0,-0.19355613383523898,-0.3485617981116172,-0.19355613383523898,0.0,2.868931722918695,-0.26726124191242434,-0.1856953381770519,-0.7518094115561123,0.0,-0.3485617981116172,0.0,-0.19355613383523898,0.0,0.0,-0.3435293617149026,-0.4472135954999579,0.7654430636568867,-0.5602397818244311,0.0,0.0,0.5602397818244311,-2.1505813167606562
-0.4545601249065221,-0.48058845027100916,-0.4649905549752772,-1.3567706263540475,-0.5412160957239143,0.7795250766354156,0.7115308500884661,0.5171517478968519,-0.3502300995932852,0.6742043202805803,0.0,1.8412614975714408,-0.4694027940381773,-0.3333333333333333,2.130366526788651,-0.4694027940381773,-0.4694027940381773,0.0,-0.19355613383523898,-0.3485617981116172,-0.19355613383523898,0.0,-0.3485617981116172,-0.26726124191242434,-0.1856953381770519,1.3301243435223524,0.0,-0.3485617981116172,0.0,-0.19355613383523898,0.0,0.0,-0.3435293617149026,-0.4472135954999579,0.7654430636568867,-0.5602397818244311,0.0,0.0,0.5602397818244311,0.4649905549752772
-0.4545601249065221,-0.48058845027100916,-0.4649905549752772,0.0935925558096218,-0.9421169073712581,0.889787574708233,0.7115308500884661,0.548787198915181,-0.3502300995932852,0.6341156600379089,0.0,-0.5431059093556048,-0.4694027940381773,-0.3333333333333333,2.130366526788651,-0.4694027940381773,-0.4694027940381773,0.0,-0.19355613383523898,-0.3485617981116172,-0.19355613383523898,0.0,-0.3485617981116172,-0.26726124191242434,-0.1856953381770519,1.3301243435223524,0.0,-0.3485617981116172,0.0,-0.19355613383523898,0.0,0.0,-0.3435293617149026,-0.4472135954999579,-1.3064328981211524,-0.5602397818244311,0.0,0.0,0.5602397818244311,0.4649905549752772
-0.4545601249065221,-0.48058845027100916,-0.4649905549752772,-0.07693604869192547,-0.14031528407657037,0.7249563913646853,0.7115308500884661,-0.5584535867263372,-0.3502300995932852,0.955802095870796,0.0,-0.5431059093556048,-0.4694027940381773,-0.3333333333333333,2.130366526788651,-0.4694027940381773,-0.4694027940381773,0.0,-0.19355613383523898,2.868931722918695,-0.19355613383523898,0.0,-0.3485617981116172,-0.26726124191242434,-0.1856953381770519,-0.7518094115561123,0.0,-0.3485617981116172,0.0,-0.19355613383523898,0.0,0.0,-0.3435293617149026,-0.4472135954999579,0.7654430636568867,-0.5602397818244311,0.0,0.0,0.5602397818244311,0.4649905549752772
-0.4545601249065221,-0.48058845027100916,-0.4649905549752772,1.3725570895712256,-0.5412160957239143,-0.5993187130404722,0.7115308500884661,-0.5584535867263372,-0.3502300995932852,0.014982657784747317,0.0,-0.5431059093556048,-0.4694027940381773,-0.3333333333333333,2.130366526788651,-0.4694027940381773,-0.4694027940381773,0.0,-0.19355613383523898,-0.3485617981116172,-0.19355613383523898,0.0,-0.3485617981116172,-0.26726124191242434,-0.1856953381770519,-0.7518094115561123,0.0,-0.3485617981116172,0.0,-0.19355613383523898,0.0,0.0,2.910959328215754,-0.4472135954999579,0.7654430636568867,-0.5602397818244311,0.0,0.0,0.5602397818244311,0.4649905549752772
-0.4545601249065221,-0.48058845027100916,2.1505813167606567,1.6283499963235464,1.864188774160149,0.7243938275990082,-1.4054204394309369,-0.8431726458912989,-0.3502300995932852,1.3286093515658821,0.0,1.8412614975714408,-0.4694027940381773,-0.3333333333333333,2.130366526788651,-0.4694027940381773,-0.4694027940381773,0.0,-0.19355613383523898,-0.3485617981116172,5.166459880063687,0.0,-0.3485617981116172,-0.26726124191242434,-0.1856953381770519,-0.7518094115561123,0.0,-0.3485617981116172,0.0,-0.19355613383523898,0.0,0.0,-0.3435293617149026,-0.4472135954999579,0.7654430636568867,1.7849500025569083,0.0,0.0,-1.7849500025569083,-2.1505813167606562
-0.41609241334884745,-0.48058845027100916,-0.4649905549752772,-1.3567706263540475,-0.5412160957239143,0.11795008819851448,0.7115308500884661,0.58042264993351,-0.3502300995932852,0.5851623242204492,0.0,-0.5431059093556048,-0.4694027940381773,-0.3333333333333333,-0.4694027940381773,-0.4694027940381773,-0.4694027940381773,0.0,-0.19355613383523898,-0.3485617981116172,-0.19355613383523898,0.0,-0.3485617981116172,-0.26726124191242434,-0.1856953381770519,1.3301243435223524,0.0,-0.3485617981116172,0.0,-0.19355613383523898,0.0,0.0,-0.3435293617149026,-0.4472135954999579,-1.3064328981211524,-0.5602397818244311,0.0,0.0,0.5602397818244311,0.4649905549752772
-0.41609241334884745,-0.48058845027100916,-0.4649905549752772,1.6709821474489328,-0.9421169073712581,0.5590000804897821,0.7115308500884661,0.6120581009518391,-0.3502300995932852,0.6665414979001903,0.0,-0.5431059093556048,-0.4694027940381773,-0.3333333333333333,-0.4694027940381773,-0.4694027940381773,-0.4694027940381773,0.0,-0.19355613383523898,-0.3485617981116172,-0.19355613383523898,0.0,-0.3485617981116172,-0.26726124191242434,-0.1856953381770519,1.3301243435223524,0.0,-0.3485617981116172,0.0,-0.19355613383523898,0.0,0.0,-0.3435293617149026,2.23606797749979,-1.3064328981211524,-0.5602397818244311,0.0,0.0,0.5602397818244311,0.4649905549752772
-0.41609241334884745,-0.48058845027100916,-0.4649905549752772,1.5857178451981595,-0.5412160957239143,1.6897532495018337,0.7115308500884661,-0.5268181357080081,-0.3502300995932852,1.1037602491470113,0.0,-0.5431059093556048,-0.4694027940381773,-0.3333333333333333,-0.4694027940381773,-0.4694027940381773,-0.4694027940381773,0.0,-0.19355613383523898,2.868931722918695,-0.19355613383523898,0.0,-0.3485617981116172,-0.26726124191242434,-0.1856953381770519,-0.7518094115561123,0.0,-0.3485617981116172,0.0,-0.19355613383523898,0.0,0.0,-0.3435293617149026,-0.4472135954999579,0.7654430636568867,-0.5602397818244311,0.0,0.0,0.5602397818244311,0.4649905549752772
-0.41609241334884745,-0.48058845027100916,-0.4649905549752772,-0.2048325020680859,-0.14031528407657037,-0.48849365120197863,0.7115308500884661,-0.5268181357080081,-0.3502300995932852,0.7817027713883362,0.0,-0.5431059093556048,-0.4694027940381773,-0.3333333333333333,-0.4694027940381773,-0.4694027940381773,-0.4694027940381773,0.0,-0.19355613383523898,-0.3485617981116172,-0.19355613383523898,0.0,-0.3485617981116172,-0.26726124191242434,-0.1856953381770519,-0.7518094115561123,0.0,2.868931722918695,0.0,-0.19355613383523898,0.0,0.0,-0.3435293617149026,-0.4472135954999579,0.7654430636568867,-0.5602397818244311,0.0,0.0,0.5602397818244311,0.4649905549752772
-0.41609241334884745,-0.48058845027100916,2.1505813167606567,0.3067533114365557,-0.5412160957239143,0.5308718922059,0.7115308500884661,-0.5268181357080081,-0.3502300995932852,0.3841117587372465,0.0,-0.5431059093556048,-0.4694027940381773,-0.3333333333333333,-0.4694027940381773,-0.4694027940381773,-0.4694027940381773,0.0,-0.19355613383523898,-0.3485617981116172,-0.19355613383523898,0.0,-0.3485617981116172,-0.26726124191242434,-0.1856953381770519,-0.7518094115561123,0.0,-0.3485617981116172,0.0,-0.19355613383523898,0.0,0.0,2.910959328215754,2.23606797749979,-1.3064328981211524,1.7849500025569083,0.0,0.0,-1.7849500025569083,-2.1505813167606562
-0.3776247017911728,-0.48058845027100916,-0.4649905549752772,-1.3567706263540475,1.864188774160149,-0.6263217737929991,-1.4054204394309369,-0.7166308418179825,-0.3502300995932852,-0.3449510563112834,0.0,-0.5431059093556048,-0.4694027940381773,2.9999999999999996,-0.4694027940381773,-0.4694027940381773,-0.4694027940381773,0.0,-0.19355613383523898,-0.3485617981116172,-0.19355613383523898,0.0,-0.3485617981116172,3.741657386773941,-0.1856953381770519,-0.7518094115561123,0.0,-0.3485617981116172,0.0,-0.19355613383523898,0.0,0.0,-0.3435293617149026,-0.4472135954999579,-1.3064328981211524,1.7849500025569083,0.0,0.0,-1.7849500025569083,0.4649905549752772
-0.3776247017911728,-0.48058845027100916,-0.4649905549752772,0.0935925558096218,-0.9421169073712581,-0.4333624021655693,0.7115308500884661,-0.6849953907996534,-0.3502300995932852,-0.293456889915063,0.0,-0.5431059093556048,-0.4694027940381773,2.9999999999999996,-0.4694027940381773,-0.4694027940381773,-0.4694027940381773,0.0,-0.19355613383523898,-0.3485617981116172,-0.19355613383523898,0.0,-0.3485617981116172,3.741657386773941,-0.1856953381770519,-0.7518094115561123,0.0,-0.3485617981116172,0.0,-0.19355613383523898,0.0,0.0,-0.3435293617149026,-0.4472135954999579,0.7654430636568867,1.7849500025569083,0.0,0.0,-1.7849500025569083,0.4649905549752772
-0.3776247017911728,-0.48058845027100916,-0.4649905549752772,0.22148900918578207,1.864188774160149,-0.7371468356314939,-1.4054204394309369,-0.8431726458912989,-0.3502300995932852,-0.6030787016392767,0.0,1.8412614975714408,-0.4694027940381773,2.9999999999999996,-0.4694027940381773,-0.4694027940381773,-0.4694027940381773,0.0,-0.19355613383523898,-0.3485617981116172,-0.19355613383523898,0.0,-0.3485617981116172,-0.26726124191242434,5.385164807134505,-0.7518094115561123,0.0,-0.3485617981116172,0.0,-0.19355613383523898,0.0,0.0,-0.3435293617149026,-0.4472135954999579,-1.3064328981211524,1.7849500025569083,0.0,0.0,-1.7849500025569083,0.4649905549752772
-0.30068927867582357,-0.21193652154808465,-0.4649905549752772,-1.3567706263540475,0.26058552757077347,1.5237969386269292,-1.4054204394309369,0.6120581009518391,-0.3502300995932852,0.7346709550640211,0.0,1.8412614975714408,2.130366526788651,-0.3333333333333333,-0.4694027940381773,-0.4694027940381773,-0.4694027940381773,0.0,-0.19355613383523898,-0.3485617981116172,-0.19355613383523898,0.0,-0.3485617981116172,-0.26726124191242434,-0.1856953381770519,1.3301243435223524,0.0,-0.3485617981116172,0.0,-0.19355613383523898,0.0,0.0,-0.3435293617149026,-0.4472135954999579,0.7654430636568867,-0.5602397818244311,0.0,0.0,0.5602397818244311,0.4649905549752772
-0.30068927867582357,-0.21193652154808465,-0.4649905549752772,-0.2909668482193776,-0.9421169073712581,1.3854062522702304,0.7115308500884661,0.6436935519701682,-0.3502300995932852,0.6736807734098704,0.0,-0.5431059093556048,2.130366526788651,-0.3333333333333333,-0.4694027940381773,-0.4694027940381773,-0.4694027940381773,0.0,-0.19355613383523898,-0.3485617981116172,-0.19355613383523898,0.0,-0.3485617981116172,-0.26726124191242434,-0.1856953381770519,1.3301243435223524,0.0,-0.3485617981116172,0.0,-0.19355613383523898,0.0,0.0,-0.3435293617149026,-0.4472135954999579,0.7654430636568867,-0.5602397818244311,0.0,0.0,0.5602397818244311,0.4649905549752772
-0.30068927867582357,-0.21193652154808465,-0.4649905549752772,-0.5467597549716984,1.0623871508654612,0.6141313295261908,-1.4054204394309369,-0.5268181357080081,-0.3502300995932852,0.1375878158709866,0.0,1.8412614975714408,2.130366526788651,-0.3333333333333333,-0.4694027940381773,-0.4694027940381773,-0.4694027940381773,0.0,-0.19355613383523898,-0.3485617981116172,-0.19355613383523898,0.0,2.868931722918695,-0.26726124191242434,-0.1856953381770519,-0.7518094115561123,0.0,-0.3485617981116172,0.0,-0.19355613383523898,0.0,0.0,-0.3435293617149026,-0.4472135954999579,-1.3064328981211524,-0.5602397818244311,0.0,0.0,0.5602397818244311,0.4649905549752772
-0.30068927867582357,-0.21193652154808465,-0.4649905549752772,-0.24746465319347272,-0.9421169073712581,-0.6538873983112031,0.7115308500884661,-0.49518268468967896,-0.3502300995932852,0.0318721438476478,0.0,1.8412614975714408,2.130366526788651,-0.3333333333333333,-0.4694027940381773,-0.4694027940381773,-0.4694027940381773,0.0,-0.19355613383523898,-0.3485617981116172,-0.19355613383523898,0.0,2.868931722918695,-0.26726124191242434,-0.1856953381770519,-0.7518094115561123,0.0,-0.3485617981116172,0.0,-0.19355613383523898,0.0,0.0,-0.3435293617149026,-0.4472135954999579,0.7654430636568867,-0.5602397818244311,0.0,0.0,0.5602397818244311,0.4649905549752772
-0.30068927867582357,-0.21193652154808465,2.1505813167606567,1.5857178451981595,1.864188774160149,-0.37823115312916183,-1.4054204394309369,-0.8431726458912989,-0.3502300995932852,0.1056228996556458,0.0,-0.5431059093556048,2.130366526788651,-0.3333333333333333,-0.4694027940381773,-0.4694027940381773,-0.4694027940381773,0.0,-0.19355613383523898,-0.3485617981116172,-0.19355613383523898,0.0,-0.3485617981116172,-0.26726124191242434,-0.1856953381770519,-0.7518094115561123,0.0,-0.3485617981116172,0.0,5.166459880063687,0.0,0.0,-0.3435293617149026,2.23606797749979,-1.3064328981211524,1.7849500025569083,0.0,0.0,-1.7849500025569083,-2.1505813167606562
-0.2622215671181489,-0.21193652154808465,-0.4649905549752772,-1.3567706263540475,-0.5412160957239143,-0.04856878644206582,0.7115308500884661,0.6753290029884973,-0.3502300995932852,0.601681179894747,0.0,-0.5431059093556048,-0.4694027940381773,-0.3333333333333333,-0.4694027940381773,2.130366526788651,-0.4694027940381773,0.0,-0.19355613383523898,-0.3485617981116172,-0.19355613383523898,0.0,-0.3485617981116172,-0.26726124191242434,-0.1856953381770519,1.3301243435223524,0.0,-0.3485617981116172,0.0,-0.19355613383523898,0.0,0.0,-0.3435293617149026,-0.4472135954999579,0.7654430636568867,-0.5602397818244311,0.0,0.0,0.5602397818244311,0.4649905549752772
-0.2622215671181489,-0.21193652154808465,-0.4649905549752772,1.5004535429473862,-0.9421169073712581,-0.1037000354784745,0.7115308500884661,0.7069644540068264,-0.3502300995932852,0.6590800982795135,0.0,-0.5431059093556048,-0.4694027940381773,-0.3333333333333333,-0.4694027940381773,2.130366526788651,-0.4694027940381773,0.0,-0.19355613383523898,-0.3485617981116172,-0.19355613383523898,0.0,-0.3485617981116172,-0.26726124191242434,-0.1856953381770519,1.3301243435223524,0.0,-0.3485617981116172,0.0,-0.19355613383523898,0.0,0.0,-0.3435293617149026,2.23606797749979,-1.3064328981211524,-0.5602397818244311,0.0,0.0,0.5602397818244311,0.4649905549752772
-0.2622215671181489,-0.21193652154808465,-0.4649905549752772,2.098173702603319,0.6614863392181173,-0.4333624021655699,-1.4054204394309369,-0.5268181357080081,-0.3502300995932852,0.7035107062823164,0.0,-0.5431059093556048,-0.4694027940381773,-0.3333333333333333,-0.4694027940381773,2.130366526788651,-0.4694027940381773,0.0,-0.19355613383523898,-0.3485617981116172,-0.19355613383523898,0.0,-0.3485617981116172,-0.26726124191242434,-0.1856953381770519,-0.7518094115561123,0.0,2.868931722918695,0.0,-0.19355613383523898,0.0,0.0,-0.3435293617149026,-0.4472135954999579,0.7654430636568867,-0.5602397818244311,0.0,0.0,0.5602397818244311,0.4649905549752772
-0.2622215671181489,-0.21193652154808465,-0.4649905549752772,0.434649764812716,0.6614863392181173,1.6070563759472205,-1.4054204394309369,-0.5268181357080081,-0.3502300995932852,0.8692153306549942,0.0,-0.5431059093556048,-0.4694027940381773,-0.3333333333333333,-0.4694027940381773,2.130366526788651,-0.4694027940381773,0.0,-0.19355613383523898,2.868931722918695,-0.19355613383523898,0.0,-0.3485617981116172,-0.26726124191242434,-0.1856953381770519,-0.7518094115561123,0.0,-0.3485617981116172,0.0,-0.19355613383523898,0.0,0.0,-0.3435293617149026,-0.4472135954999579,0.7654430636568867,-0.5602397818244311,0.0,0.0,0.5602397818244311,0.4649905549752772
-0.2622215671181489,-0.21193652154808465,2.1505813167606567,2.0129094003525454,1.864188774160149,-0.51662183948586,-1.4054204394309369,-0.8431726458912989,-0.3502300995932852,0.04125519166036992,0.0,-0.5431059093556048,-0.4694027940381773,-0.3333333333333333,-0.4694027940381773,2.130366526788651,-0.4694027940381773,0.0,5.166459880063687,-0.3485617981116172,-0.19355613383523898,0.0,-0.3485617981116172,-0.26726124191242434,-0.1856953381770519,-0.7518094115561123,0.0,-0.3485617981116172,0.0,-0.19355613383523898,0.0,0.0,-0.3435293617149026,-0.4472135954999579,-1.3064328981211524,1.7849500025569083,0.0,0.0,-1.7849500025569083,-2.1505813167606562
-0.22375385556047428,-0.21193652154808465,-0.4649905549752772,-1.3567706263540475,-0.5412160957239143,1.4411000650723174,0.7115308500884661,0.7385999050251555,-0.3502300995932852,0.7467737744280533,0.0,-0.5431059093556048,-0.4694027940381773,-0.3333333333333333,-0.4694027940381773,-0.4694027940381773,2.130366526788651,0.0,-0.19355613383523898,-0.3485617981116172,-0.19355613383523898,0.0,-0.3485617981116172,-0.26726124191242434,-0.1856953381770519,1.3301243435223524,0.0,-0.3485617981116172,0.0,-0.19355613383523898,0.0,0.0,-0.3435293617149026,-0.4472135954999579,0.7654430636568867,-0.5602397818244311,0.0,0.0,0.5602397818244311,0.4649905549752772
-0.22375385556047428,-0.21193652154808465,-0.4649905549752772,-0.3762311504701512,-0.9421169073712581,1.5513625631451347,0.7115308500884661,0.7702353560434846,-0.3502300995932852,0.6896029443021261,0.0,-0.5431059093556048,-0.4694027940381773,-0.3333333333333333,-0.4694027940381773,-0.4694027940381773,2.130366526788651,0.0,-0.19355613383523898,-0.3485617981116172,-0.19355613383523898,0.0,-0.3485617981116172,-0.26726124191242434,-0.1856953381770519,1.3301243435223524,0.0,-0.3485617981116172,0.0,-0.19355613383523898,0.0,0.0,-0.3435293617149026,-0.4472135954999579,0.7654430636568867,-0.5602397818244311,0.0,0.0,0.5602397818244311,0.4649905549752772
-0.22375385556047428,-0.21193652154808465,-0.4649905549752772,0.2641211603111687,1.0623871508654612,0.06169371163075154,-1.4054204394309369,-0.5268181357080081,-0.3502300995932852,0.2337953327774337,0.0,-0.5431059093556048,-0.4694027940381773,-0.3333333333333333,-0.4694027940381773,-0.4694027940381773,2.130366526788651,0.0,-0.19355613383523898,-0.3485617981116172,-0.19355613383523898,0.0,-0.3485617981116172,-0.26726124191242434,-0.1856953381770519,-0.7518094115561123,0.0,-0.3485617981116172,0.0,-0.19355613383523898,0.0,0.0,2.910959328215754,-0.4472135954999579,0.7654430636568867,-0.5602397818244311,0.0,0.0,0.5602397818244311,0.4649905549752772
-0.22375385556047428,-0.21193652154808465,-0.4649905549752772,-0.24746465319347272,-0.5412160957239143,-0.04744365891071037,0.7115308500884661,-0.49518268468967896,-0.3502300995932852,0.66900454795103,0.0,-0.5431059093556048,-0.4694027940381773,-0.3333333333333333,-0.4694027940381773,-0.4694027940381773,2.130366526788651,0.0,-0.19355613383523898,-0.3485617981116172,-0.19355613383523898,0.0,-0.3485617981116172,-0.26726124191242434,-0.1856953381770519,-0.7518094115561123,0.0,2.868931722918695,0.0,-0.19355613383523898,0.0,0.0,-0.3435293617149026,-0.4472135954999579,-1.3064328981211524,-0.5602397818244311,0.0,0.0,0.5602397818244311,0.4649905549752772
-0.22375385556047428,-0.21193652154808465,2.1505813167606567,0.13622470693500846,-0.14031528407657037,0.25577821078953555,0.7115308500884661,-0.46354723367134987,-0.3502300995932852,0.29856182030475,0.0,-0.5431059093556048,-0.4694027940381773,-0.3333333333333333,-0.4694027940381773,-0.4694027940381773,2.130366526788651,0.0,-0.19355613383523898,-0.3485617981116172,-0.19355613383523898,0.0,2.868931722918695,-0.26726124191242434,-0.1856953381770519,-0.7518094115561123,0.0,-0.3485617981116172,0.0,-0.19355613383523898,0.0,0.0,-0.3435293617149026,-0.4472135954999579,-1.3064328981211524,-0.5602397818244311,0.0,0.0,0.5602397818244311,-2.1505813167606562
-0.18528614400279964,-0.21193652154808465,-0.4649905549752772,-1.3567706263540475,-0.5412160957239143,0.7519594521172113,0.7115308500884661,0.8018708070618137,-0.3502300995932852,0.6710453608502976,0.0,-0.5431059093556048,-0.4694027940381773,-0.3333333333333333,2.130366526788651,-0.4694027940381773,-0.4694027940381773,0.0,-0.19355613383523898,-0.3485617981116172,-0.19355613383523898,0.0,-0.3485617981116172,-0.26726124191242434,-0.1856953381770519,1.3301243435223524,0.0,-0.3485617981116172,0.0,-0.19355613383523898,0.0,0.0,-0.3435293617149026,2.23606797749979,-1.3064328981211524,-0.5602397818244311,0.0,0.0,0.5602397818244311,0.4649905549752772
-0.18528614400279964,-0.21193652154808465,-0.4649905549752772,-0.3762311504701512,-0.9421169073712581,-0.8479718974699892,0.7115308500884661,0.8335062580801428,-0.3502300995932852,0.6204286712012526,0.0,-0.5431059093556048,-0.4694027940381773,-0.3333333333333333,2.130366526788651,-0.4694027940381773,-0.4694027940381773,0.0,-0.19355613383523898,-0.3485617981116172,-0.19355613383523898,0.0,-0.3485617981116172,-0.26726124191242434,-0.1856953381770519,1.3301243435223524,0.0,-0.3485617981116172,0.0,-0.19355613383523898,0.0,0.0,-0.3435293617149026,2.23606797749979,-1.3064328981211524,-0.5602397818244311,0.0,0.0,0.5602397818244311,0.4649905549752772
-0.18528614400279964,-0.21193652154808465,-0.4649905549752772,-0.6320240572224719,-0.14031528407657037,1.5243595023926082,0.7115308500884661,-0.49518268468967896,-0.3502300995932852,1.1118609470919951,0.0,1.8412614975714408,-0.4694027940381773,-0.3333333333333333,2.130366526788651,-0.4694027940381773,-0.4694027940381773,0.0,-0.19355613383523898,2.868931722918695,-0.19355613383523898,0.0,-0.3485617981116172,-0.26726124191242434,-0.1856953381770519,-0.7518094115561123,0.0,-0.3485617981116172,0.0,-0.19355613383523898,0.0,0.0,-0.3435293617149026,-0.4472135954999579,0.7654430636568867,-0.5602397818244311,0.0,0.0,0.5602397818244311,0.4649905549752772
-0.18528614400279964,-0.21193652154808465,-0.4649905549752772,-0.41886330159553803,-0.5412160957239143,0.17251877346924602,0.7115308500884661,-0.49518268468967896,-0.3502300995932852,0.12926818014370617,0.0,1.8412614975714408,-0.4694027940381773,-0.3333333333333333,2.130366526788651,-0.4694027940381773,-0.4694027940381773,0.0,-0.19355613383523898,-0.3485617981116172,-0.19355613383523898,0.0,-0.3485617981116172,-0.26726124191242434,-0.1856953381770519,-0.7518094115561123,0.0,-0.3485617981116172,0.0,-0.19355613383523898,0.0,0.0,2.910959328215754,-0.4472135954999579,-1.3064328981211524,-0.5602397818244311,0.0,0.0,0.5602397818244311,0.4649905549752772
-0.18528614400279964,-0.21193652154808465,2.1505813167606567,-0.6746562083478588,1.864188774160149,-0.10313747171279677,-1.4054204394309369,-0.8431726458912989,-0.3502300995932852,0.07278223231111741,0.0,1.8412614975714408,-0.4694027940381773,-0.3333333333333333,2.130366526788651,-0.4694027940381773,-0.4694027940381773,0.0,-0.19355613383523898,-0.3485617981116172,5.166459880063687,0.0,-0.3485617981116172,-0.26726124191242434,-0.1856953381770519,-0.7518094115561123,0.0,-0.3485617981116172,0.0,-0.19355613383523898,0.0,0.0,-0.3435293617149026,-0.4472135954999579,0.7654430636568867,1.7849500025569083,0.0,0.0,-1.7849500025569083,-2.1505813167606562
-0.146818432445125,-0.21193652154808465,-0.4649905549752772,-1.3567706263540475,-0.5412160957239143,-1.0133656445792145,0.7115308500884661,0.8651417090984719,-0.3502300995932852,0.5603128859297558,0.0,-0.5431059093556048,-0.4694027940381773,-0.3333333333333333,-0.4694027940381773,-0.4694027940381773,-0.4694027940381773,0.0,-0.19355613383523898,-0.3485617981116172,-0.19355613383523898,0.0,-0.3485617981116172,-0.26726124191242434,-0.1856953381770519,1.3301243435223524,0.0,-0.3485617981116172,0.0,-0.19355613383523898,0.0,0.0,-0.3435293617149026,-0.4472135954999579,0.7654430636568867,-0.5602397818244311,0.0,0.0,0.5602397818244311,0.4649905549752772
-0.146818432445125,-0.21193652154808465,-0.4649905549752772,-0.0343038975665388,-0.9421169073712581,-1.2063250162066441,0.7115308500884661,0.896777160116801,-0.3502300995932852,0.533187200954086,0.0,-0.5431059093556048,-0.4694027940381773,-0.3333333333333333,-0.4694027940381773,-0.4694027940381773,-0.4694027940381773,0.0,-0.19355613383523898,-0.3485617981116172,-0.19355613383523898,0.0,-0.3485617981116172,-0.26726124191242434,-0.1856953381770519,1.3301243435223524,0.0,-0.3485617981116172,0.0,-0.19355613383523898,0.0,0.0,-0.3435293617149026,2.23606797749979,-1.3064328981211524,-0.5602397818244311,0.0,0.0,0.5602397818244311,0.4649905549752772
-0.146818432445125,-0.21193652154808465,-0.4649905549752772,-0.11956819981731227,-0.5412160957239143,0.36604070886235235,0.7115308500884661,-0.46354723367134987,-0.3502300995932852,0.8926312477520766,0.0,-0.5431059093556048,-0.4694027940381773,-0.3333333333333333,-0.4694027940381773,-0.4694027940381773,-0.4694027940381773,0.0,-0.19355613383523898,2.868931722918695,-0.19355613383523898,0.0,-0.3485617981116172,-0.26726124191242434,-0.1856953381770519,-0.7518094115561123,0.0,-0.3485617981116172,0.0,-0.19355613383523898,0.0,0.0,-0.3435293617149026,-0.4472135954999579,0.7654430636568867,-0.5602397818244311,0.0,0.0,0.5602397818244311,0.4649905549752772
-0.146818432445125,-0.21193652154808465,-0.4649905549752772,0.8609712760665839,-0.14031528407657037,0.035253214643902055,0.7115308500884661,-0.46354723367134987,-0.3502300995932852,0.5921026519192594,0.0,-0.5431059093556048,-0.4694027940381773,-0.3333333333333333,-0.4694027940381773,-0.4694027940381773,-0.4694027940381773,0.0,-0.19355613383523898,-0.3485617981116172,-0.19355613383523898,0.0,-0.3485617981116172,-0.26726124191242434,-0.1856953381770519,-0.7518094115561123,0.0,2.868931722918695,0.0,-0.19355613383523898,0.0,0.0,-0.3435293617149026,-0.4472135954999579,0.7654430636568867,-0.5602397818244311,0.0,0.0,0.5602397818244311,0.4649905549752772
-0.146818432445125,-0.21193652154808465,2.1505813167606567,-0.3762311504701512,-0.5412160957239143,-1.3165875142794603,0.7115308500884661,-0.46354723367134987,-0.3502300995932852,-0.02369635042103052,0.0,-0.5431059093556048,-0.4694027940381773,-0.3333333333333333,-0.4694027940381773,-0.4694027940381773,-0.4694027940381773,0.0,-0.19355613383523898,-0.3485617981116172,-0.19355613383523898,0.0,-0.3485617981116172,-0.26726124191242434,-0.1856953381770519,-0.7518094115561123,0.0,-0.3485617981116172,0.0,-0.19355613383523898,0.0,0.0,2.910959328215754,2.23606797749979,-1.3064328981211524,1.7849500025569083,0.0,0.0,-1.7849500025569083,-2.1505813167606562
-0.10835072088745036,-0.21193652154808465,-0.4649905549752772,-1.3567706263540475,1.864188774160149,-0.18527178150173146,-1.4054204394309369,-0.6849953907996534,-0.3502300995932852,-0.22694359165327813,0.0,1.8412614975714408,-0.4694027940381773,2.9999999999999996,-0.4694027940381773,-0.4694027940381773,-0.4694027940381773,0.0,-0.19355613383523898,-0.3485617981116172,-0.19355613383523898,0.0,-0.3485617981116172,3.741657386773941,-0.1856953381770519,-0.7518094115561123,0.0,-0.3485617981116172,0.0,-0.19355613383523898,0.0,0.0,-0.3435293617149026,-0.4472135954999579,0.7654430636568867,1.7849500025569083,0.0,0.0,-1.7849500025569083,0.4649905549752772
-0.10835072088745036,-0.21193652154808465,-0.4649905549752772,-0.0343038975665388,-0.9421169073712581,-0.3506655286109575,0.7115308500884661,-0.6533599397813245,-0.3502300995932852,-0.2346064140336681,0.0,-0.5431059093556048,-0.4694027940381773,2.9999999999999996,-0.4694027940381773,-0.4694027940381773,-0.4694027940381773,0.0,-0.19355613383523898,-0.3485617981116172,-0.19355613383523898,0.0,-0.3485617981116172,3.741657386773941,-0.1856953381770519,-0.7518094115561123,0.0,-0.3485617981116172,0.0,-0.19355613383523898,0.0,0.0,-0.3435293617149026,-0.4472135954999579,-1.3064328981211524,1.7849500025569083,0.0,0.0,-1.7849500025569083,0.4649905549752772
-0.10835072088745036,-0.21193652154808465,-0.4649905549752772,0.0935925558096218,1.864188774160149,-1.0128030808135366,-1.4054204394309369,-0.8431726458912989,-0.3502300995932852,-0.6028597638569799,0.0,1.8412614975714408,-0.4694027940381773,2.9999999999999996,-0.4694027940381773,-0.4694027940381773,-0.4694027940381773,0.0,-0.19355613383523898,-0.3485617981116172,-0.19355613383523898,0.0,-0.3485617981116172,-0.26726124191242434,5.385164807134505,-0.7518094115561123,0.0,-0.3485617981116172,0.0,-0.19355613383523898,0.0,0.0,-0.3435293617149026,-0.4472135954999579,0.7654430636568867,1.7849500025569083,0.0,0.0,-1.7849500025569083,0.4649905549752772
-0.03141529777210108,0.0567154071748399,-0.4649905549752772,-1.3567706263540475,0.26058552757077347,-1.040368705331741,-1.4054204394309369,0.896777160116801,-0.3502300995932852,0.503733889539691,0.0,-0.5431059093556048,2.130366526788651,-0.3333333333333333,-0.4694027940381773,-0.4694027940381773,-0.4694027940381773,0.0,-0.19355613383523898,-0.3485617981116172,-0.19355613383523898,0.0,-0.3485617981116172,-0.26726124191242434,-0.1856953381770519,1.3301243435223524,0.0,-0.3485617981116172,0.0,-0.19355613383523898,0.0,0.0,-0.3435293617149026,-0.4472135954999579,0.7654430636568867,-0.5602397818244311,0.0,0.0,0.5602397818244311,0.4649905549752772
-0.03141529777210108,0.0567154071748399,-0.4649905549752772,-0.24746465319347272,-0.9421169073712581,-0.7917155209022252,0.7115308500884661,0.9284126111351301,-0.3502300995932852,0.4702140174841737,0.0,1.8412614975714408,2.130366526788651,-0.3333333333333333,-0.4694027940381773,-0.4694027940381773,-0.4694027940381773,0.0,-0.19355613383523898,-0.3485617981116172,-0.19355613383523898,0.0,-0.3485617981116172,-0.26726124191242434,-0.1856953381770519,1.3301243435223524,0.0,-0.3485617981116172,0.0,-0.19355613383523898,0.0,0.0,-0.3435293617149026,-0.4472135954999579,0.7654430636568867,-0.5602397818244311,0.0,0.0,0.5602397818244311,0.4649905549752772
-0.03141529777210108,0.0567154071748399,-0.4649905549752772,1.0741320316935181,1.0623871508654612,0.6416969540443951,-1.4054204394309369,-0.46354723367134987,-0.3502300995932852,0.3200359677850336,0.0,-0.5431059093556048,2.130366526788651,-0.3333333333333333,-0.4694027940381773,-0.4694027940381773,-0.4694027940381773,0.0,-0.19355613383523898,-0.3485617981116172,-0.19355613383523898,0.0,2.868931722918695,-0.26726124191242434,-0.1856953381770519,-0.7518094115561123,0.0,-0.3485617981116172,0.0,-0.19355613383523898,0.0,0.0,-0.3435293617149026,-0.4472135954999579,0.7654430636568867,-0.5602397818244311,0.0,0.0,0.5602397818244311,0.4649905549752772
-0.03141529777210108,0.0567154071748399,-0.4649905549752772,-0.5467597549716984,-0.9421169073712581,0.4481750186512882,0.7115308500884661,-0.43191178265302077,-0.3502300995932852,0.18260142391122008,0.0,-0.5431059093556048,2.130366526788651,-0.3333333333333333,-0.4694027940381773,-0.4694027940381773,-0.4694027940381773,0.0,-0.19355613383523898,-0.3485617981116172,-0.19355613383523898,0.0,2.868931722918695,-0.26726124191242434,-0.1856953381770519,-0.7518094115561123,0.0,-0.3485617981116172,0.0,-0.19355613383523898,0.0,0.0,-0.3435293617149026,-0.4472135954999579,-1.3064328981211524,-0.5602397818244311,0.0,0.0,0.5602397818244311,0.4649905549752772
-0.03141529777210108,0.0567154071748399,2.1505813167606567,-0.16220035094269908,1.864188774160149,-0.3506655286109575,-1.4054204394309369,-0.8431726458912989,-0.3502300995932852,-0.08748022433018135,0.0,-0.5431059093556048,2.130366526788651,-0.3333333333333333,-0.4694027940381773,-0.4694027940381773,-0.4694027940381773,0.0,-0.19355613383523898,-0.3485617981116172,-0.19355613383523898,0.0,-0.3485617981116172,-0.26726124191242434,-0.1856953381770519,-0.7518094115561123,0.0,-0.3485617981116172,0.0,5.166459880063687,0.0,0.0,-0.3435293617149026,-0.4472135954999579,-1.3064328981211524,1.7849500025569083,0.0,0.0,-1.7849500025569083,-2.1505813167606562
0.007052413785573556,0.0567154071748399,-0.4649905549752772,-1.3567706263540475,-0.5412160957239143,-0.0750092834289153,0.7115308500884661,0.9600480621534592,-0.3502300995932852,0.49735410695702575,0.0,1.8412614975714408,-0.4694027940381773,-0.3333333333333333,-0.4694027940381773,2.130366526788651,-0.4694027940381773,0.0,-0.19355613383523898,-0.3485617981116172,-0.19355613383523898,0.0,-0.3485617981116172,-0.26726124191242434,-0.1856953381770519,1.3301243435223524,0.0,-0.3485617981116172,0.0,-0.19355613383523898,0.0,0.0,-0.3435293617149026,-0.4472135954999579,0.7654430636568867,-0.5602397818244311,0.0,0.0,0.5602397818244311,0.4649905549752772
0.007052413785573556,0.0567154071748399,-0.4649905549752772,0.008328253558848009,-0.9421169073712581,0.007687590125697712,0.7115308500884661,0.9916835131717882,-0.3502300995932852,0.4769663998919472,0.0,1.8412614975714408,-0.4694027940381773,-0.3333333333333333,-0.4694027940381773,2.130366526788651,-0.4694027940381773,0.0,-0.19355613383523898,-0.3485617981116172,-0.19355613383523898,0.0,-0.3485617981116172,-0.26726124191242434,-0.1856953381770519,1.3301243435223524,0.0,-0.3485617981116172,0.0,-0.19355613383523898,0.0,0.0,-0.3435293617149026,-0.4472135954999579,0.7654430636568867,-0.5602397818244311,0.0,0.0,0.5602397818244311,0.4649905549752772
0.007052413785573556,0.0567154071748399,-0.4649905549752772,0.1788568580603951,0.6614863392181173,-0.4063593414130433,-1.4054204394309369,-0.46354723367134987,-0.3502300995932852,0.4532085228301342,0.0,-0.5431059093556048,-0.4694027940381773,-0.3333333333333333,-0.4694027940381773,2.130366526788651,-0.4694027940381773,0.0,-0.19355613383523898,-0.3485617981116172,-0.19355613383523898,0.0,-0.3485617981116172,-0.26726124191242434,-0.1856953381770519,-0.7518094115561123,0.0,2.868931722918695,0.0,-0.19355613383523898,0.0,0.0,-0.3435293617149026,-0.4472135954999579,0.7654430636568867,-0.5602397818244311,0.0,0.0,0.5602397818244311,0.4649905549752772
0.007052413785573556,0.0567154071748399,-0.4649905549752772,-0.3762311504701512,0.6614863392181173,1.0551813218174584,-1.4054204394309369,-0.46354723367134987,-0.3502300995932852,0.910481974935347,0.0,-0.5431059093556048,-0.4694027940381773,-0.3333333333333333,-0.4694027940381773,2.130366526788651,-0.4694027940381773,0.0,-0.19355613383523898,2.868931722918695,-0.19355613383523898,0.0,-0.3485617981116172,-0.26726124191242434,-0.1856953381770519,-0.7518094115561123,0.0,-0.3485617981116172,0.0,-0.19355613383523898,0.0,0.0,-0.3435293617149026,2.23606797749979,-1.3064328981211524,-0.5602397818244311,0.0,0.0,0.5602397818244311,0.4649905549752772
0.007052413785573556,0.0567154071748399,2.1505813167606567,-0.33359899934476445,1.864188774160149,-0.3782311531291612,-1.4054204394309369,-0.8431726458912989,-0.3502300995932852,-0.10893612699527283,0.0,-0.5431059093556048,-0.4694027940381773,-0.3333333333333333,-0.4694027940381773,2.130366526788651,-0.4694027940381773,0.0,5.166459880063687,-0.3485617981116172,-0.19355613383523898,0.0,-0.3485617981116172,-0.26726124191242434,-0.1856953381770519,-0.7518094115561123,0.0,-0.3485617981116172,0.0,-0.19355613383523898,0.0,0.0,-0.3435293617149026,-0.4472135954999579,-1.3064328981211524,1.7849500025569083,0.0,0.0,-1.7849500025569083,-2.1505813167606562
0.045520125343248195,0.0567154071748399,-0.4649905549752772,-1.3567706263540475,-0.5412160957239143,0.2833438353077393,0.7115308500884661,1.0233189641901173,-0.3502300995932852,0.4648633107744032,0.0,-0.5431059093556048,-0.4694027940381773,-0.3333333333333333,-0.4694027940381773,-0.4694027940381773,2.130366526788651,0.0,-0.19355613383523898,-0.3485617981116172,-0.19355613383523898,0.0,-0.3485617981116172,-0.26726124191242434,-0.1856953381770519,1.3301243435223524,0.0,-0.3485617981116172,0.0,-0.19355613383523898,0.0,0.0,-0.3435293617149026,-0.4472135954999579,0.7654430636568867,-0.5602397818244311,0.0,0.0,0.5602397818244311,0.4649905549752772
0.045520125343248195,0.0567154071748399,-0.4649905549752772,2.3965987604810266,-0.9421169073712581,1.138440759137748,0.7115308500884661,1.0549544152084465,-0.3502300995932852,0.543912670864514,0.0,-0.5431059093556048,-0.4694027940381773,-0.3333333333333333,-0.4694027940381773,-0.4694027940381773,2.130366526788651,0.0,-0.19355613383523898,-0.3485617981116172,-0.19355613383523898,0.0,-0.3485617981116172,-0.26726124191242434,-0.1856953381770519,1.3301243435223524,0.0,-0.3485617981116172,0.0,-0.19355613383523898,0.0,0.0,-0.3435293617149026,-0.4472135954999579,0.7654430636568867,-0.5602397818244311,0.0,0.0,0.5602397818244311,0.4649905549752772
0.045520125343248195,0.0567154071748399,-0.4649905549752772,-0.6320240572224719,1.0623871508654612,0.007125026360020587,-1.4054204394309369,-0.46354723367134987,-0.3502300995932852,0.22095932336962945,0.0,-0.5431059093556048,-0.4694027940381773,-0.3333333333333333,-0.4694027940381773,-0.4694027940381773,2.130366526788651,0.0,-0.19355613383523898,-0.3485617981116172,-0.19355613383523898,0.0,-0.3485617981116172,-0.26726124191242434,-0.1856953381770519,-0.7518094115561123,0.0,-0.3485617981116172,0.0,-0.19355613383523898,0.0,0.0,2.910959328215754,2.23606797749979,-1.3064328981211524,-0.5602397818244311,0.0,0.0,0.5602397818244311,0.4649905549752772
0.045520125343248195,0.0567154071748399,-0.4649905549752772,1.1167641828189048,-0.5412160957239143,-0.9306687710246011,0.7115308500884661,-0.43191178265302077,-0.3502300995932852,0.3395678717572129,0.0,-0.5431059093556048,-0.4694027940381773,-0.3333333333333333,-0.4694027940381773,-0.4694027940381773,2.130366526788651,0.0,-0.19355613383523898,-0.3485617981116172,-0.19355613383523898,0.0,-0.3485617981116172,-0.26726124191242434,-0.1856953381770519,-0.7518094115561123,0.0,2.868931722918695,0.0,-0.19355613383523898,0.0,0.0,-0.3435293617149026,-0.4472135954999579,0.7654430636568867,-0.5602397818244311,0.0,0.0,0.5602397818244311,0.4649905549752772
0.045520125343248195,0.0567154071748399,2.1505813167606567,-0.0343038975665388,-0.14031528407657037,-0.6820155865950852,0.7115308500884661,-0.4002763316346917,-0.3502300995932852,0.12293888789185177,0.0,-0.5431059093556048,-0.4694027940381773,-0.3333333333333333,-0.4694027940381773,-0.4694027940381773,2.130366526788651,0.0,-0.19355613383523898,-0.3485617981116172,-0.19355613383523898,0.0,2.868931722918695,-0.26726124191242434,-0.1856953381770519,-0.7518094115561123,0.0,-0.3485617981116172,0.0,-0.19355613383523898,0.0,0.0,-0.3435293617149026,-0.4472135954999579,0.7654430636568867,-0.5602397818244311,0.0,0.0,0.5602397818244311,-2.1505813167606562
0.08398783690092283,0.0567154071748399,-0.4649905549752772,-1.3567706263540475,-0.5412160957239143,0.7243938275990076,0.7115308500884661,1.0865898662267754,-0.3502300995932852,0.4984664193432462,0.0,1.8412614975714408,-0.4694027940381773,-0.3333333333333333,2.130366526788651,-0.4694027940381773,-0.4694027940381773,0.0,-0.19355613383523898,-0.3485617981116172,-0.19355613383523898,0.0,-0.3485617981116172,-0.26726124191242434,-0.1856953381770519,1.3301243435223524,0.0,-0.3485617981116172,0.0,-0.19355613383523898,0.0,0.0,-0.3435293617149026,-0.4472135954999579,0.7654430636568867,-0.5602397818244311,0.0,0.0,0.5602397818244311,0.4649905549752772
0.08398783690092283,0.0567154071748399,-0.4649905549752772,0.05096040468423482,-0.9421169073712581,0.6416969540443951,0.7115308500884661,1.1182253172451047,-0.3502300995932852,0.48179169237738184,0.0,-0.5431059093556048,-0.4694027940381773,-0.3333333333333333,2.130366526788651,-0.4694027940381773,-0.4694027940381773,0.0,-0.19355613383523898,-0.3485617981116172,-0.19355613383523898,0.0,-0.3485617981116172,-0.26726124191242434,-0.1856953381770519,1.3301243435223524,0.0,-0.3485617981116172,0.0,-0.19355613383523898,0.0,0.0,-0.3435293617149026,-0.4472135954999579,0.7654430636568867,-0.5602397818244311,0.0,0.0,0.5602397818244311,0.4649905549752772
0.08398783690092283,0.0567154071748399,-0.4649905549752772,1.9276450981017719,-0.14031528407657037,-0.4620531542151297,0.7115308500884661,-0.43191178265302077,-0.3502300995932852,0.7611226198524319,0.0,1.8412614975714408,-0.4694027940381773,-0.3333333333333333,2.130366526788651,-0.4694027940381773,-0.4694027940381773,0.0,-0.19355613383523898,2.868931722918695,-0.19355613383523898,0.0,-0.3485617981116172,-0.26726124191242434,-0.1856953381770519,-0.7518094115561123,0.0,-0.3485617981116172,0.0,-0.19355613383523898,0.0,0.0,-0.3435293617149026,-0.4472135954999579,0.7654430636568867,-0.5602397818244311,0.0,0.0,0.5602397818244311,0.4649905549752772
0.08398783690092283,0.0567154071748399,-0.4649905549752772,-0.16220035094269908,-0.5412160957239143,0.8892250109425559,0.7115308500884661,-0.43191178265302077,-0.3502300995932852,0.33335800011388445,0.0,1.8412614975714408,-0.4694027940381773,-0.3333333333333333,2.130366526788651,-0.4694027940381773,-0.4694027940381773,0.0,-0.19355613383523898,-0.3485617981116172,-0.19355613383523898,0.0,-0.3485617981116172,-0.26726124191242434,-0.1856953381770519,-0.7518094115561123,0.0,-0.3485617981116172,0.0,-0.19355613383523898,0.0,0.0,2.910959328215754,-0.4472135954999579,0.7654430636568867,-0.5602397818244311,0.0,0.0,0.5602397818244311,0.4649905549752772
0.08398783690092283,0.0567154071748399,2.1505813167606567,0.6478105204396499,1.864188774160149,-0.4063593414130433,-1.4054204394309369,-0.8431726458912989,-0.3502300995932852,-0.13082990522495858,0.0,-0.5431059093556048,-0.4694027940381773,-0.3333333333333333,2.130366526788651,-0.4694027940381773,-0.4694027940381773,0.0,-0.19355613383523898,-0.3485617981116172,5.166459880063687,0.0,-0.3485617981116172,-0.26726124191242434,-0.1856953381770519,-0.7518094115561123,0.0,-0.3485617981116172,0.0,-0.19355613383523898,0.0,0.0,-0.3435293617149026,-0.4472135954999579,0.7654430636568867,1.7849500025569083,0.0,0.0,-1.7849500025569083,-2.1505813167606562
0.12245554845859748,0.0567154071748399,-0.4649905549752772,-1.3567706263540475,-0.5412160957239143,0.33847508434414797,0.7115308500884661,1.1498607682634336,-0.3502300995932852,0.5367880212219585,0.0,-0.5431059093556048,-0.4694027940381773,-0.3333333333333333,-0.4694027940381773,-0.4694027940381773,-0.4694027940381773,0.0,-0.19355613383523898,-0.3485617981116172,-0.19355613383523898,0.0,-0.3485617981116172,-0.26726124191242434,-0.1856953381770519,1.3301243435223524,0.0,-0.3485617981116172,0.0,-0.19355613383523898,0.0,0.0,-0.3435293617149026,-0.4472135954999579,-1.3064328981211524,-0.5602397818244311,0.0,0.0,0.5602397818244311,0.4649905549752772
0.12245554845859748,0.0567154071748399,-0.4649905549752772,-0.2909668482193776,-0.9421169073712581,0.5590000804897821,0.7115308500884661,1.1814962192817628,-0.3502300995932852,0.5074004298999242,0.0,-0.5431059093556048,-0.4694027940381773,-0.3333333333333333,-0.4694027940381773,-0.4694027940381773,-0.4694027940381773,0.0,-0.19355613383523898,-0.3485617981116172,-0.19355613383523898,0.0,-0.3485617981116172,-0.26726124191242434,-0.1856953381770519,1.3301243435223524,0.0,-0.3485617981116172,0.0,-0.19355613383523898,0.0,0.0,-0.3435293617149026,-0.4472135954999579,0.7654430636568867,-0.5602397818244311,0.0,0.0,0.5602397818244311,0.4649905549752772
0.12245554845859748,0.0567154071748399,-0.4649905549752772,0.0935925558096218,-0.5412160957239143,-0.29609684334022657,0.7115308500884661,-0.4002763316346917,-0.3502300995932852,0.6582218621729095,0.0,-0.5431059093556048,-0.4694027940381773,-0.3333333333333333,-0.4694027940381773,-0.4694027940381773,-0.4694027940381773,0.0,-0.19355613383523898,2.868931722918695,-0.19355613383523898,0.0,-0.3485617981116172,-0.26726124191242434,-0.1856953381770519,-0.7518094115561123,0.0,-0.3485617981116172,0.0,-0.19355613383523898,0.0,0.0,-0.3435293617149026,-0.4472135954999579,0.7654430636568867,-0.5602397818244311,0.0,0.0,0.5602397818244311,0.4649905549752772
0.12245554845859748,0.0567154071748399,-0.4649905549752772,1.6709821474489328,-0.14031528407657037,-1.0409312690974184,0.7115308500884661,-0.4002763316346917,-0.3502300995932852,0.28788860341777817,0.0,-0.5431059093556048,-0.4694027940381773,-0.3333333333333333,-0.4694027940381773,-0.4694027940381773,-0.4694027940381773,0.0,-0.19355613383523898,-0.3485617981116172,-0.19355613383523898,0.0,-0.3485617981116172,-0.26726124191242434,-0.1856953381770519,-0.7518094115561123,0.0,2.868931722918695,0.0,-0.19355613383523898,0.0,0.0,-0.3435293617149026,-0.4472135954999579,0.7654430636568867,-0.5602397818244311,0.0,0.0,0.5602397818244311,0.4649905549752772
0.12245554845859748,0.0567154071748399,2.1505813167606567,0.5625462181888763,-0.5412160957239143,1.7443219347725634,0.7115308500884661,-0.4002763316346917,-0.3502300995932852,0.3680198317384273,0.0,-0.5431059093556048,-0.4694027940381773,-0.3333333333333333,-0.4694027940381773,-0.4694027940381773,-0.4694027940381773,0.0,-0.19355613383523898,-0.3485617981116172,-0.19355613383523898,0.0,-0.3485617981116172,-0.26726124191242434,-0.1856953381770519,-0.7518094115561123,0.0,-0.3485617981116172,0.0,-0.19355613383523898,0.0,0.0,2.910959328215754,2.23606797749979,-1.3064328981211524,1.7849500025569083,0.0,0.0,-1.7849500025569083,-2.1505813167606562
0.1609232600162721,0.0567154071748399,-0.4649905549752772,-1.3567706263540475,1.864188774160149,-0.3506655286109569,-1.4054204394309369,-0.6533599397813245,-0.3502300995932852,-0.21621564032073237,0.0,-0.5431059093556048,-0.4694027940381773,2.9999999999999996,-0.4694027940381773,-0.4694027940381773,-0.4694027940381773,0.0,-0.19355613383523898,-0.3485617981116172,-0.19355613383523898,0.0,-0.3485617981116172,3.741657386773941,-0.1856953381770519,-0.7518094115561123,0.0,-0.3485617981116172,0.0,-0.19355613383523898,0.0,0.0,-0.3435293617149026,-0.4472135954999579,0.7654430636568867,1.7849500025569083,0.0,0.0,-1.7849500025569083,0.4649905549752772
0.1609232600162721,0.0567154071748399,-0.4649905549752772,0.2641211603111687,-0.9421169073712581,-0.3230999040927532,0.7115308500884661,-0.6217244887629954,-0.3502300995932852,-0.17330383499054872,0.0,-0.5431059093556048,-0.4694027940381773,2.9999999999999996,-0.4694027940381773,-0.4694027940381773,-0.4694027940381773,0.0,-0.19355613383523898,-0.3485617981116172,-0.19355613383523898,0.0,-0.3485617981116172,3.741657386773941,-0.1856953381770519,-0.7518094115561123,0.0,-0.3485617981116172,0.0,-0.19355613383523898,0.0,0.0,-0.3435293617149026,2.23606797749979,-1.3064328981211524,1.7849500025569083,0.0,0.0,-1.7849500025569083,0.4649905549752772
0.1609232600162721,0.0567154071748399,-0.4649905549752772,0.39201761368732935,1.864188774160149,-0.2679686550563445,-1.4054204394309369,-0.8431726458912989,-0.3502300995932852,-0.2487279009918153,0.0,-0.5431059093556048,-0.4694027940381773,2.9999999999999996,-0.4694027940381773,-0.4694027940381773,-0.4694027940381773,0.0,-0.19355613383523898,-0.3485617981116172,-0.19355613383523898,0.0,-0.3485617981116172,-0.26726124191242434,5.385164807134505,-0.7518094115561123,0.0,-0.3485617981116172,0.0,-0.19355613383523898,0.0,0.0,-0.3435293617149026,2.23606797749979,-1.3064328981211524,1.7849500025569083,0.0,0.0,-1.7849500025569083,0.4649905549752772
0.2378586831316214,0.32536733589776445,-0.4649905549752772,-1.3567706263540475,0.26058552757077347,0.5865657050079859,-1.4054204394309369,1.1814962192817628,0.7182685093353824,-2.277295922863333,0.0,-0.5431059093556048,2.130366526788651,-0.3333333333333333,-0.4694027940381773,-0.4694027940381773,-0.4694027940381773,0.0,-0.19355613383523898,-0.3485617981116172,-0.19355613383523898,0.0,-0.3485617981116172,-0.26726124191242434,-0.1856953381770519,1.3301243435223524,0.0,-0.3485617981116172,0.0,-0.19355613383523898,0.0,0.0,-0.3435293617149026,-0.4472135954999579,0.7654430636568867,-0.5602397818244311,0.0,0.0,0.5602397818244311,0.4649905549752772
0.2378586831316214,0.32536733589776445,-0.4649905549752772,0.39201761368732935,-0.9421169073712581,-0.4063593414130433,0.7115308500884661,1.2131316703000918,0.7182685093353824,0.36309373163674835,0.0,-0.5431059093556048,2.130366526788651,-0.3333333333333333,-0.4694027940381773,-0.4694027940381773,-0.4694027940381773,0.0,-0.19355613383523898,-0.3485617981116172,-0.19355613383523898,0.0,-0.3485617981116172,-0.26726124191242434,-0.1856953381770519,1.3301243435223524,0.0,-0.3485617981116172,0.0,-0.19355613383523898,0.0,0.0,-0.3435293617149026,-0.4472135954999579,0.7654430636568867,-0.5602397818244311,0.0,0.0,0.5602397818244311,0.4649905549752772
0.2378586831316214,0.32536733589776445,-0.4649905549752772,0.13622470693500846,1.0623871508654612,-0.7095812111132893,-1.4054204394309369,-0.4002763316346917,0.7182685093353824,-2.277295922863333,0.0,-0.5431059093556048,2.130366526788651,-0.3333333333333333,-0.4694027940381773,-0.4694027940381773,-0.4694027940381773,0.0,-0.19355613383523898,-0.3485617981116172,-0.19355613383523898,0.0,2.868931722918695,-0.26726124191242434,-0.1856953381770519,-0.7518094115561123,0.0,-0.3485617981116172,0.0,-0.19355613383523898,0.0,0.0,-0.3435293617149026,-0.4472135954999579,-1.3064328981211524,-0.5602397818244311,0.0,0.0,0.5602397818244311,0.4649905549752772
0.2378586831316214,0.32536733589776445,-0.4649905549752772,1.9276450981017719,-0.9421169073712581,0.8903501384739113,0.7115308500884661,-0.3686408806163626,0.7182685093353824,2.681644846160451,0.0,-0.5431059093556048,2.130366526788651,-0.3333333333333333,-0.4694027940381773,-0.4694027940381773,-0.4694027940381773,0.0,-0.19355613383523898,-0.3485617981116172,-0.19355613383523898,0.0,2.868931722918695,-0.26726124191242434,-0.1856953381770519,-0.7518094115561123,0.0,-0.3485617981116172,0.0,-0.19355613383523898,0.0,0.0,-0.3435293617149026,-0.4472135954999579,0.7654430636568867,-0.5602397818244311,0.0,0.0,0.5602397818244311,0.4649905549752772
0.2378586831316214,0.32536733589776445,2.1505813167606567,1.5430856940727724,1.864188774160149,-0.2955342795745488,-1.4054204394309369,-0.8431726458912989,0.7182685093353824,-2.277295922863333,0.0,-0.5431059093556048,2.130366526788651,-0.3333333333333333,-0.4694027940381773,-0.4694027940381773,-0.4694027940381773,0.0,-0.19355613383523898,-0.3485617981116172,-0.19355613383523898,0.0,-0.3485617981116172,-0.26726124191242434,-0.1856953381770519,-0.7518094115561123,0.0,-0.3485617981116172,0.0,5.166459880063687,0.0,0.0,-0.3435293617149026,-0.4472135954999579,0.7654430636568867,1.7849500025569083,0.0,0.0,-1.7849500025569083,-2.1505813167606562
0.27632639468929604,0.32536733589776445,-0.4649905549752772,-1.3567706263540475,-0.5412160957239143,-0.13014053246532398,0.7115308500884661,1.2447671213184208,0.7182685093353824,0.16999060765092167,0.0,1.8412614975714408,-0.4694027940381773,-0.3333333333333333,-0.4694027940381773,2.130366526788651,-0.4694027940381773,0.0,-0.19355613383523898,-0.3485617981116172,-0.19355613383523898,0.0,-0.3485617981116172,-0.26726124191242434,-0.1856953381770519,1.3301243435223524,0.0,-0.3485617981116172,0.0,-0.19355613383523898,0.0,0.0,-0.3435293617149026,2.23606797749979,-1.3064328981211524,-0.5602397818244311,0.0,0.0,0.5602397818244311,0.4649905549752772
0.27632639468929604,0.32536733589776445,-0.4649905549752772,-0.0343038975665388,-0.9421169073712581,-0.21283740601993642,0.7115308500884661,1.27640257233675,0.7182685093353824,0.01979928899527843,0.0,-0.5431059093556048,-0.4694027940381773,-0.3333333333333333,-0.4694027940381773,2.130366526788651,-0.4694027940381773,0.0,-0.19355613383523898,-0.3485617981116172,-0.19355613383523898,0.0,-0.3485617981116172,-0.26726124191242434,-0.1856953381770519,1.3301243435223524,0.0,-0.3485617981116172,0.0,-0.19355613383523898,0.0,0.0,-0.3435293617149026,-0.4472135954999579,-1.3064328981211524,-0.5602397818244311,0.0,0.0,0.5602397818244311,0.4649905549752772
0.27632639468929604,0.32536733589776445,-0.4649905549752772,-0.11956819981731227,0.6614863392181173,-0.43392496593124763,-1.4054204394309369,-0.4002763316346917,0.7182685093353824,-2.277295922863333,0.0,-0.5431059093556048,-0.4694027940381773,-0.3333333333333333,-0.4694027940381773,2.130366526788651,-0.4694027940381773,0.0,-0.19355613383523898,-0.3485617981116172,-0.19355613383523898,0.0,-0.3485617981116172,-0.26726124191242434,-0.1856953381770519,-0.7518094115561123,0.0,2.868931722918695,0.0,-0.19355613383523898,0.0,0.0,-0.3435293617149026,-0.4472135954999579,0.7654430636568867,-0.5602397818244311,0.0,0.0,0.5602397818244311,0.4649905549752772
0.27632639468929604,0.32536733589776445,-0.4649905549752772,-0.5893919060970851,0.6614863392181173,0.2276500225056541,-1.4054204394309369,-0.4002763316346917,0.7182685093353824,-2.277295922863333,0.0,-0.5431059093556048,-0.4694027940381773,-0.3333333333333333,-0.4694027940381773,2.130366526788651,-0.4694027940381773,0.0,-0.19355613383523898,2.868931722918695,-0.19355613383523898,0.0,-0.3485617981116172,-0.26726124191242434,-0.1856953381770519,-0.7518094115561123,0.0,-0.3485617981116172,0.0,-0.19355613383523898,0.0,0.0,-0.3435293617149026,-0.4472135954999579,-1.3064328981211524,-0.5602397818244311,0.0,0.0,0.5602397818244311,0.4649905549752772
0.27632639468929604,0.32536733589776445,2.1505813167606567,-0.2909668482193776,1.864188774160149,-0.2128374060199358,-1.4054204394309369,-0.8431726458912989,0.7182685093353824,-2.277295922863333,0.0,-0.5431059093556048,-0.4694027940381773,-0.3333333333333333,-0.4694027940381773,2.130366526788651,-0.4694027940381773,0.0,5.166459880063687,-0.3485617981116172,-0.19355613383523898,0.0,-0.3485617981116172,-0.26726124191242434,-0.1856953381770519,-0.7518094115561123,0.0,-0.3485617981116172,0.0,-0.19355613383523898,0.0,0.0,-0.3435293617149026,-0.4472135954999579,0.7654430636568867,1.7849500025569083,0.0,0.0,-1.7849500025569083,-2.1505813167606562
0.3147941062469707,0.32536733589776445,-0.4649905549752772,-1.3567706263540475,-0.5412160957239143,-0.5436249002383873,0.7115308500884661,1.308038023355079,0.7182685093353824,-0.08748022433018088,0.0,-0.5431059093556048,-0.4694027940381773,-0.3333333333333333,-0.4694027940381773,-0.4694027940381773,2.130366526788651,0.0,-0.19355613383523898,-0.3485617981116172,-0.19355613383523898,0.0,-0.3485617981116172,-0.26726124191242434,-0.1856953381770519,1.3301243435223524,0.0,-0.3485617981116172,0.0,-0.19355613383523898,0.0,0.0,-0.3435293617149026,-0.4472135954999579,0.7654430636568867,-0.5602397818244311,0.0,0.0,0.5602397818244311,0.4649905549752772
0.3147941062469707,0.32536733589776445,-0.4649905549752772,-0.41886330159553803,-0.9421169073712581,-0.9025405827407199,0.7115308500884661,1.3396734743734082,0.7182685093353824,-0.24222544885759867,0.0,-0.5431059093556048,-0.4694027940381773,-0.3333333333333333,-0.4694027940381773,-0.4694027940381773,2.130366526788651,0.0,-0.19355613383523898,-0.3485617981116172,-0.19355613383523898,0.0,-0.3485617981116172,-0.26726124191242434,-0.1856953381770519,1.3301243435223524,0.0,-0.3485617981116172,0.0,-0.19355613383523898,0.0,0.0,-0.3435293617149026,-0.4472135954999579,0.7654430636568867,-0.5602397818244311,0.0,0.0,0.5602397818244311,0.4649905549752772
0.3147941062469707,0.32536733589776445,-0.4649905549752772,0.5625462181888763,1.0623871508654612,1.6891906857361552,-1.4054204394309369,-0.4002763316346917,0.7182685093353824,-2.277295922863333,0.0,1.8412614975714408,-0.4694027940381773,-0.3333333333333333,-0.4694027940381773,-0.4694027940381773,2.130366526788651,0.0,-0.19355613383523898,-0.3485617981116172,-0.19355613383523898,0.0,-0.3485617981116172,-0.26726124191242434,-0.1856953381770519,-0.7518094115561123,0.0,-0.3485617981116172,0.0,-0.19355613383523898,0.0,0.0,2.910959328215754,-0.4472135954999579,0.7654430636568867,-0.5602397818244311,0.0,0.0,0.5602397818244311,0.4649905549752772
0.3147941062469707,0.32536733589776445,-0.4649905549752772,0.22148900918578207,-0.5412160957239143,-0.5717530885222688,0.7115308500884661,-0.3686408806163626,0.7182685093353824,-1.1186771789483718,0.0,-0.5431059093556048,-0.4694027940381773,-0.3333333333333333,-0.4694027940381773,-0.4694027940381773,2.130366526788651,0.0,-0.19355613383523898,-0.3485617981116172,-0.19355613383523898,0.0,-0.3485617981116172,-0.26726124191242434,-0.1856953381770519,-0.7518094115561123,0.0,2.868931722918695,0.0,-0.19355613383523898,0.0,0.0,-0.3435293617149026,-0.4472135954999579,0.7654430636568867,-0.5602397818244311,0.0,0.0,0.5602397818244311,0.4649905549752772
0.3147941062469707,0.32536733589776445,2.1505813167606567,0.13622470693500846,-0.14031528407657037,1.9929751192020808,0.7115308500884661,-0.33700542959803353,0.7182685093353824,2.3913333468348204,0.0,-0.5431059093556048,-0.4694027940381773,-0.3333333333333333,-0.4694027940381773,-0.4694027940381773,2.130366526788651,0.0,-0.19355613383523898,-0.3485617981116172,-0.19355613383523898,0.0,2.868931722918695,-0.26726124191242434,-0.1856953381770519,-0.7518094115561123,0.0,-0.3485617981116172,0.0,-0.19355613383523898,0.0,0.0,-0.3435293617149026,-0.4472135954999579,0.7654430636568867,-0.5602397818244311,0.0,0.0,0.5602397818244311,-2.1505813167606562
0.35326181780464533,0.32536733589776445,-0.4649905549752772,-1.3567706263540475,-0.5412160957239143,-0.5166218394858609,0.7115308500884661,1.3713089253917372,0.7182685093353824,-0.09842711344502399,0.0,1.8412614975714408,-0.4694027940381773,-0.3333333333333333,2.130366526788651,-0.4694027940381773,-0.4694027940381773,0.0,-0.19355613383523898,-0.3485617981116172,-0.19355613383523898,0.0,-0.3485617981116172,-0.26726124191242434,-0.1856953381770519,1.3301243435223524,0.0,-0.3485617981116172,0.0,-0.19355613383523898,0.0,0.0,-0.3435293617149026,-0.4472135954999579,0.7654430636568867,-0.5602397818244311,0.0,0.0,0.5602397818244311,0.4649905549752772
0.35326181780464533,0.32536733589776445,-0.4649905549752772,1.5430856940727724,-0.9421169073712581,0.5584375167241038,0.7115308500884661,1.4029443764100664,0.7182685093353824,0.21577988097700648,0.0,-0.5431059093556048,-0.4694027940381773,-0.3333333333333333,2.130366526788651,-0.4694027940381773,-0.4694027940381773,0.0,-0.19355613383523898,-0.3485617981116172,-0.19355613383523898,0.0,-0.3485617981116172,-0.26726124191242434,-0.1856953381770519,1.3301243435223524,0.0,-0.3485617981116172,0.0,-0.19355613383523898,0.0,0.0,-0.3435293617149026,2.23606797749979,-1.3064328981211524,-0.5602397818244311,0.0,0.0,0.5602397818244311,0.4649905549752772
0.35326181780464533,0.32536733589776445,-0.4649905549752772,2.4392309116064137,-0.14031528407657037,0.25521564702385846,0.7115308500884661,-0.3686408806163626,0.7182685093353824,-0.6681032229814426,0.0,-0.5431059093556048,-0.4694027940381773,-0.3333333333333333,2.130366526788651,-0.4694027940381773,-0.4694027940381773,0.0,-0.19355613383523898,2.868931722918695,-0.19355613383523898,0.0,-0.3485617981116172,-0.26726124191242434,-0.1856953381770519,-0.7518094115561123,0.0,-0.3485617981116172,0.0,-0.19355613383523898,0.0,0.0,-0.3435293617149026,-0.4472135954999579,0.7654430636568867,-0.5602397818244311,0.0,0.0,0.5602397818244311,0.4649905549752772
0.35326181780464533,0.32536733589776445,-0.4649905549752772,0.3067533114365557,-0.5412160957239143,1.1103125708538666,0.7115308500884661,-0.3686408806163626,0.7182685093353824,0.1056228996556458,0.0,1.8412614975714408,-0.4694027940381773,-0.3333333333333333,2.130366526788651,-0.4694027940381773,-0.4694027940381773,0.0,-0.19355613383523898,-0.3485617981116172,-0.19355613383523898,0.0,-0.3485617981116172,-0.26726124191242434,-0.1856953381770519,-0.7518094115561123,0.0,-0.3485617981116172,0.0,-0.19355613383523898,0.0,0.0,2.910959328215754,-0.4472135954999579,0.7654430636568867,-0.5602397818244311,0.0,0.0,0.5602397818244311,0.4649905549752772
0.35326181780464533,0.32536733589776445,2.1505813167606567,1.970277249227159,1.864188774160149,-1.0954999543681492,-1.4054204394309369,-0.8431726458912989,0.7182685093353824,-2.277295922863333,0.0,-0.5431059093556048,-0.4694027940381773,-0.3333333333333333,2.130366526788651,-0.4694027940381773,-0.4694027940381773,0.0,-0.19355613383523898,-0.3485617981116172,5.166459880063687,0.0,-0.3485617981116172,-0.26726124191242434,-0.1856953381770519,-0.7518094115561123,0.0,-0.3485617981116172,0.0,-0.19355613383523898,0.0,0.0,-0.3435293617149026,-0.4472135954999579,0.7654430636568867,1.7849500025569083,0.0,0.0,-1.7849500025569083,-2.1505813167606562
0.3917295293623199,0.32536733589776445,-0.4649905549752772,-1.3567706263540475,-0.5412160957239143,2.4064594869751423,0.7115308500884661,1.4345798274283954,0.7182685093353824,0.6205645636178504,0.0,-0.5431059093556048,-0.4694027940381773,-0.3333333333333333,-0.4694027940381773,-0.4694027940381773,-0.4694027940381773,0.0,-0.19355613383523898,-0.3485617981116172,-0.19355613383523898,0.0,-0.3485617981116172,-0.26726124191242434,-0.1856953381770519,1.3301243435223524,0.0,-0.3485617981116172,0.0,-0.19355613383523898,0.0,0.0,-0.3435293617149026,-0.4472135954999579,0.7654430636568867,-0.5602397818244311,0.0,0.0,0.5602397818244311,0.4649905549752772
0.3917295293623199,0.32536733589776445,-0.4649905549752772,-0.11956819981731227,-0.9421169073712581,1.9654094946838752,0.7115308500884661,1.4662152784467246,0.7182685093353824,0.5061330827373602,0.0,-0.5431059093556048,-0.4694027940381773,-0.3333333333333333,-0.4694027940381773,-0.4694027940381773,-0.4694027940381773,0.0,-0.19355613383523898,-0.3485617981116172,-0.19355613383523898,0.0,-0.3485617981116172,-0.26726124191242434,-0.1856953381770519,1.3301243435223524,0.0,-0.3485617981116172,0.0,-0.19355613383523898,0.0,0.0,-0.3435293617149026,-0.4472135954999579,0.7654430636568867,-0.5602397818244311,0.0,0.0,0.5602397818244311,0.4649905549752772
0.3917295293623199,0.32536733589776445,-0.4649905549752772,0.34938546256194236,-0.5412160957239143,0.558437516724105,0.7115308500884661,-0.33700542959803353,0.7182685093353824,-0.2168724536676228,0.0,-0.5431059093556048,-0.4694027940381773,-0.3333333333333333,-0.4694027940381773,-0.4694027940381773,-0.4694027940381773,0.0,-0.19355613383523898,2.868931722918695,-0.19355613383523898,0.0,-0.3485617981116172,-0.26726124191242434,-0.1856953381770519,-0.7518094115561123,0.0,-0.3485617981116172,0.0,-0.19355613383523898,0.0,0.0,-0.3435293617149026,-0.4472135954999579,-1.3064328981211524,-0.5602397818244311,0.0,0.0,0.5602397818244311,0.4649905549752772
0.3917295293623199,0.32536733589776445,-0.4649905549752772,1.031499880568131,-0.14031528407657037,-0.461490590449452,0.7115308500884661,-0.33700542959803353,0.7182685093353824,-0.5708948476416387,0.0,-0.5431059093556048,-0.4694027940381773,-0.3333333333333333,-0.4694027940381773,-0.4694027940381773,-0.4694027940381773,0.0,-0.19355613383523898,-0.3485617981116172,-0.19355613383523898,0.0,-0.3485617981116172,-0.26726124191242434,-0.1856953381770519,-0.7518094115561123,0.0,2.868931722918695,0.0,-0.19355613383523898,0.0,0.0,-0.3435293617149026,-0.4472135954999579,-1.3064328981211524,-0.5602397818244311,0.0,0.0,0.5602397818244311,0.4649905549752772
0.3917295293623199,0.32536733589776445,2.1505813167606567,-0.07693604869192547,-0.5412160957239143,1.9654094946838752,0.7115308500884661,-0.33700542959803353,0.7182685093353824,1.4258177269056864,0.0,-0.5431059093556048,-0.4694027940381773,-0.3333333333333333,-0.4694027940381773,-0.4694027940381773,-0.4694027940381773,0.0,-0.19355613383523898,-0.3485617981116172,-0.19355613383523898,0.0,-0.3485617981116172,-0.26726124191242434,-0.1856953381770519,-0.7518094115561123,0.0,-0.3485617981116172,0.0,-0.19355613383523898,0.0,0.0,2.910959328215754,2.23606797749979,-1.3064328981211524,1.7849500025569083,0.0,0.0,-1.7849500025569083,-2.1505813167606562
0.43019724091999456,0.32536733589776445,-0.4649905549752772,-1.3567706263540475,1.864188774160149,-0.04744365891071097,-1.4054204394309369,-0.6217244887629954,0.7182685093353824,-2.277295922863333,0.0,-0.5431059093556048,-0.4694027940381773,2.9999999999999996,-0.4694027940381773,-0.4694027940381773,-0.4694027940381773,0.0,-0.19355613383523898,-0.3485617981116172,-0.19355613383523898,0.0,-0.3485617981116172,3.741657386773941,-0.1856953381770519,-0.7518094115561123,0.0,-0.3485617981116172,0.0,-0.19355613383523898,0.0,0.0,-0.3435293617149026,-0.4472135954999579,-1.3064328981211524,1.7849500025569083,0.0,0.0,-1.7849500025569083,0.4649905549752772
0.43019724091999456,0.32536733589776445,-0.4649905549752772,-0.2909668482193776,-0.9421169073712581,-0.29609684334022596,0.7115308500884661,-0.5900890377446663,0.7182685093353824,-0.6681032229814426,0.0,-0.5431059093556048,-0.4694027940381773,2.9999999999999996,-0.4694027940381773,-0.4694027940381773,-0.4694027940381773,0.0,-0.19355613383523898,-0.3485617981116172,-0.19355613383523898,0.0,-0.3485617981116172,3.741657386773941,-0.1856953381770519,-0.7518094115561123,0.0,-0.3485617981116172,0.0,-0.19355613383523898,0.0,0.0,-0.3435293617149026,-0.4472135954999579,0.7654430636568867,1.7849500025569083,0.0,0.0,-1.7849500025569083,0.4649905549752772
0.43019724091999456,0.32536733589776445,-0.4649905549752772,-0.11956819981731227,1.864188774160149,-0.2679686550563445,-1.4054204394309369,-0.8431726458912989,0.7182685093353824,-2.277295922863333,0.0,-0.5431059093556048,-0.4694027940381773,2.9999999999999996,-0.4694027940381773,-0.4694027940381773,-0.4694027940381773,0.0,-0.19355613383523898,-0.3485617981116172,-0.19355613383523898,0.0,-0.3485617981116172,-0.26726124191242434,5.385164807134505,-0.7518094115561123,0.0,-0.3485617981116172,0.0,-0.19355613383523898,0.0,0.0,-0.3435293617149026,2.23606797749979,-1.3064328981211524,1.7849500025569083,0.0,0.0,-1.7849500025569083,0.4649905549752772
0.5071326640353438,0.594019264620689,-0.4649905549752772,-1.3567706263540475,0.26058552757077347,1.1935720081741568,-1.4054204394309369,1.4662152784467246,0.7182685093353824,0.48539237682777164,0.0,-0.5431059093556048,2.130366526788651,-0.3333333333333333,-0.4694027940381773,-0.4694027940381773,-0.4694027940381773,0.0,-0.19355613383523898,-0.3485617981116172,-0.19355613383523898,0.0,-0.3485617981116172,-0.26726124191242434,-0.1856953381770519,1.3301243435223524,0.0,-0.3485617981116172,0.0,-0.19355613383523898,0.0,0.0,-0.3435293617149026,-0.4472135954999579,0.7654430636568867,-0.5602397818244311,0.0,0.0,0.5602397818244311,0.4649905549752772
0.5071326640353438,0.594019264620689,-0.4649905549752772,-0.41886330159553803,-0.9421169073712581,-0.6544499620768821,0.7115308500884661,1.4978507294650536,0.7182685093353824,0.3629743110282224,0.0,-0.5431059093556048,2.130366526788651,-0.3333333333333333,-0.4694027940381773,-0.4694027940381773,-0.4694027940381773,0.0,-0.19355613383523898,-0.3485617981116172,-0.19355613383523898,0.0,-0.3485617981116172,-0.26726124191242434,-0.1856953381770519,1.3301243435223524,0.0,-0.3485617981116172,0.0,-0.19355613383523898,0.0,0.0,-0.3435293617149026,-0.4472135954999579,-1.3064328981211524,-0.5602397818244311,0.0,0.0,0.5602397818244311,0.4649905549752772
0.5071326640353438,0.594019264620689,-0.4649905549752772,0.13622470693500846,1.0623871508654612,1.413534440554113,-1.4054204394309369,-0.33700542959803353,0.7182685093353824,1.2856975462356983,0.0,1.8412614975714408,2.130366526788651,-0.3333333333333333,-0.4694027940381773,-0.4694027940381773,-0.4694027940381773,0.0,-0.19355613383523898,-0.3485617981116172,-0.19355613383523898,0.0,2.868931722918695,-0.26726124191242434,-0.1856953381770519,-0.7518094115561123,0.0,-0.3485617981116172,0.0,-0.19355613383523898,0.0,0.0,-0.3435293617149026,-0.4472135954999579,-1.3064328981211524,-0.5602397818244311,0.0,0.0,0.5602397818244311,0.4649905549752772
0.5071326640353438,0.594019264620689,-0.4649905549752772,-0.46149545272092485,-0.9421169073712581,-0.13126565999667825,0.7115308500884661,-0.30536997857970444,0.7182685093353824,0.7328796459361375,0.0,1.8412614975714408,2.130366526788651,-0.3333333333333333,-0.4694027940381773,-0.4694027940381773,-0.4694027940381773,0.0,-0.19355613383523898,-0.3485617981116172,-0.19355613383523898,0.0,2.868931722918695,-0.26726124191242434,-0.1856953381770519,-0.7518094115561123,0.0,-0.3485617981116172,0.0,-0.19355613383523898,0.0,0.0,-0.3435293617149026,-0.4472135954999579,0.7654430636568867,-0.5602397818244311,0.0,0.0,0.5602397818244311,0.4649905549752772
0.5071326640353438,0.594019264620689,2.1505813167606567,0.22148900918578207,1.864188774160149,-0.2955342795745488,-1.4054204394309369,-0.8431726458912989,0.7182685093353824,0.4274614396320237,0.0,-0.5431059093556048,2.130366526788651,-0.3333333333333333,-0.4694027940381773,-0.4694027940381773,-0.4694027940381773,0.0,-0.19355613383523898,-0.3485617981116172,-0.19355613383523898,0.0,-0.3485617981116172,-0.26726124191242434,-0.1856953381770519,-0.7518094115561123,0.0,-0.3485617981116172,0.0,5.166459880063687,0.0,0.0,-0.3435293617149026,2.23606797749979,-1.3064328981211524,1.7849500025569083,0.0,0.0,-1.7849500025569083,-2.1505813167606562
0.5456003755930185,0.594019264620689,-0.4649905549752772,-1.3567706263540475,-0.5412160957239143,-0.48905621496765694,0.7115308500884661,1.5294861804833828,0.7182685093353824,0.33080040874796207,0.0,-0.5431059093556048,-0.4694027940381773,-0.3333333333333333,-0.4694027940381773,2.130366526788651,-0.4694027940381773,0.0,-0.19355613383523898,-0.3485617981116172,-0.19355613383523898,0.0,-0.3485617981116172,-0.26726124191242434,-0.1856953381770519,1.3301243435223524,0.0,-0.3485617981116172,0.0,-0.19355613383523898,0.0,0.0,-0.3435293617149026,-0.4472135954999579,0.7654430636568867,-0.5602397818244311,0.0,0.0,0.5602397818244311,0.4649905549752772
0.5456003755930185,0.594019264620689,-0.4649905549752772,-0.33359899934476445,-0.9421169073712581,-0.9306687710246023,0.7115308500884661,1.5611216315017118,0.7182685093353824,0.249010305692217,0.0,-0.5431059093556048,-0.4694027940381773,-0.3333333333333333,-0.4694027940381773,2.130366526788651,-0.4694027940381773,0.0,-0.19355613383523898,-0.3485617981116172,-0.19355613383523898,0.0,-0.3485617981116172,-0.26726124191242434,-0.1856953381770519,1.3301243435223524,0.0,-0.3485617981116172,0.0,-0.19355613383523898,0.0,0.0,-0.3435293617149026,2.23606797749979,-1.3064328981211524,-0.5602397818244311,0.0,0.0,0.5602397818244311,0.4649905549752772
0.5456003755930185,0.594019264620689,-0.4649905549752772,0.8609712760665839,0.6614863392181173,-0.8749749582225153,-1.4054204394309369,-0.33700542959803353,0.7182685093353824,-0.49558025053152044,0.0,-0.5431059093556048,-0.4694027940381773,-0.3333333333333333,-0.4694027940381773,2.130366526788651,-0.4694027940381773,0.0,-0.19355613383523898,-0.3485617981116172,-0.19355613383523898,0.0,-0.3485617981116172,-0.26726124191242434,-0.1856953381770519,-0.7518094115561123,0.0,2.868931722918695,0.0,-0.19355613383523898,0.0,0.0,-0.3435293617149026,-0.4472135954999579,0.7654430636568867,-0.5602397818244311,0.0,0.0,0.5602397818244311,0.4649905549752772
0.5456003755930185,0.594019264620689,-0.4649905549752772,0.05096040468423482,0.6614863392181173,0.14495314895104108,-1.4054204394309369,-0.33700542959803353,0.7182685093353824,0.2982881480768787,0.0,-0.5431059093556048,-0.4694027940381773,-0.3333333333333333,-0.4694027940381773,2.130366526788651,-0.4694027940381773,0.0,-0.19355613383523898,2.868931722918695,-0.19355613383523898,0.0,-0.3485617981116172,-0.26726124191242434,-0.1856953381770519,-0.7518094115561123,0.0,-0.3485617981116172,0.0,-0.19355613383523898,0.0,0.0,-0.3435293617149026,-0.4472135954999579,0.7654430636568867,-0.5602397818244311,0.0,0.0,0.5602397818244311,0.4649905549752772
0.5456003755930185,0.594019264620689,2.1505813167606567,-0.2909668482193776,1.864188774160149,-0.2128374060199358,-1.4054204394309369,-0.8431726458912989,0.7182685093353824,-0.280583348316008,0.0,-0.5431059093556048,-0.4694027940381773,-0.3333333333333333,-0.4694027940381773,2.130366526788651,-0.4694027940381773,0.0,5.166459880063687,-0.3485617981116172,-0.19355613383523898,0.0,-0.3485617981116172,-0.26726124191242434,-0.1856953381770519,-0.7518094115561123,0.0,-0.3485617981116172,0.0,-0.19355613383523898,0.0,0.0,-0.3435293617149026,-0.4472135954999579,0.7654430636568867,1.7849500025569083,0.0,0.0,-1.7849500025569083,-2.1505813167606562
0.5840680871506931,0.594019264620689,-0.4649905549752772,-1.3567706263540475,-0.5412160957239143,-0.10313747171279797,0.7115308500884661,1.592757082520041,0.7182685093353824,0.3077337495416858,0.0,-0.5431059093556048,-0.4694027940381773,-0.3333333333333333,-0.4694027940381773,-0.4694027940381773,2.130366526788651,0.0,-0.19355613383523898,-0.3485617981116172,-0.19355613383523898,0.0,-0.3485617981116172,-0.26726124191242434,-0.1856953381770519,1.3301243435223524,0.0,-0.3485617981116172,0.0,-0.19355613383523898,0.0,0.0,-0.3435293617149026,-0.4472135954999579,0.7654430636568867,-0.5602397818244311,0.0,0.0,0.5602397818244311,0.4649905549752772
0.5840680871506931,0.594019264620689,-0.4649905549752772,-0.2909668482193776,-0.9421169073712581,-0.3793562806605173,0.7115308500884661,1.62439253353837,0.7182685093353824,0.24267795137347747,0.0,1.8412614975714408,-0.4694027940381773,-0.3333333333333333,-0.4694027940381773,-0.4694027940381773,2.130366526788651,0.0,-0.19355613383523898,-0.3485617981116172,-0.19355613383523898,0.0,-0.3485617981116172,-0.26726124191242434,-0.1856953381770519,1.3301243435223524,0.0,-0.3485617981116172,0.0,-0.19355613383523898,0.0,0.0,-0.3435293617149026,-0.4472135954999579,0.7654430636568867,-0.5602397818244311,0.0,0.0,0.5602397818244311,0.4649905549752772
0.5840680871506931,0.594019264620689,-0.4649905549752772,-0.33359899934476445,1.0623871508654612,0.8627845139557064,-1.4054204394309369,-0.33700542959803353,0.7182685093353824,0.8570173684984548,0.0,-0.5431059093556048,-0.4694027940381773,-0.3333333333333333,-0.4694027940381773,-0.4694027940381773,2.130366526788651,0.0,-0.19355613383523898,-0.3485617981116172,-0.19355613383523898,0.0,-0.3485617981116172,-0.26726124191242434,-0.1856953381770519,-0.7518094115561123,0.0,-0.3485617981116172,0.0,-0.19355613383523898,0.0,0.0,2.910959328215754,-0.4472135954999579,0.7654430636568867,-0.5602397818244311,0.0,0.0,0.5602397818244311,0.4649905549752772
0.5840680871506931,0.594019264620689,-0.4649905549752772,1.4151892406966122,-0.5412160957239143,-0.46092802668377425,0.7115308500884661,-0.30536997857970444,0.7182685093353824,-0.4096471709800045,0.0,-0.5431059093556048,-0.4694027940381773,-0.3333333333333333,-0.4694027940381773,-0.4694027940381773,2.130366526788651,0.0,-0.19355613383523898,-0.3485617981116172,-0.19355613383523898,0.0,-0.3485617981116172,-0.26726124191242434,-0.1856953381770519,-0.7518094115561123,0.0,2.868931722918695,0.0,-0.19355613383523898,0.0,0.0,-0.3435293617149026,-0.4472135954999579,-1.3064328981211524,-0.5602397818244311,0.0,0.0,0.5602397818244311,0.4649905549752772
0.5840680871506931,0.594019264620689,2.1505813167606567,-0.5467597549716984,-0.14031528407657037,-0.9858000200610095,0.7115308500884661,-0.27373452756137534,0.7182685093353824,0.6074282966800393,0.0,1.8412614975714408,-0.4694027940381773,-0.3333333333333333,-0.4694027940381773,-0.4694027940381773,2.130366526788651,0.0,-0.19355613383523898,-0.3485617981116172,-0.19355613383523898,0.0,2.868931722918695,-0.26726124191242434,-0.1856953381770519,-0.7518094115561123,0.0,-0.3485617981116172,0.0,-0.19355613383523898,0.0,0.0,-0.3435293617149026,-0.4472135954999579,-1.3064328981211524,-0.5602397818244311,0.0,0.0,0.5602397818244311,-2.1505813167606562
0.6225357987083677,0.594019264620689,-0.4649905549752772,-1.3567706263540475,-0.5412160957239143,-0.3793562806605173,0.7115308500884661,1.656027984556699,0.7182685093353824,0.18173114622659015,0.0,-0.5431059093556048,-0.4694027940381773,-0.3333333333333333,2.130366526788651,-0.4694027940381773,-0.4694027940381773,0.0,-0.19355613383523898,-0.3485617981116172,-0.19355613383523898,0.0,-0.3485617981116172,-0.26726124191242434,-0.1856953381770519,1.3301243435223524,0.0,-0.3485617981116172,0.0,-0.19355613383523898,0.0,0.0,-0.3435293617149026,-0.4472135954999579,0.7654430636568867,-0.5602397818244311,0.0,0.0,0.5602397818244311,0.4649905549752772
0.6225357987083677,0.594019264620689,-0.4649905549752772,-0.16220035094269908,-0.9421169073712581,-1.0409312690974188,0.7115308500884661,1.6876634355750282,0.7182685093353824,0.14317716866609462,0.0,1.8412614975714408,-0.4694027940381773,-0.3333333333333333,2.130366526788651,-0.4694027940381773,-0.4694027940381773,0.0,-0.19355613383523898,-0.3485617981116172,-0.19355613383523898,0.0,-0.3485617981116172,-0.26726124191242434,-0.1856953381770519,1.3301243435223524,0.0,-0.3485617981116172,0.0,-0.19355613383523898,0.0,0.0,-0.3435293617149026,-0.4472135954999579,0.7654430636568867,-0.5602397818244311,0.0,0.0,0.5602397818244311,0.4649905549752772
0.6225357987083677,0.594019264620689,-0.4649905549752772,0.0935925558096218,-0.14031528407657037,0.14495314895104108,0.7115308500884661,-0.30536997857970444,0.7182685093353824,0.05669030531229822,0.0,-0.5431059093556048,-0.4694027940381773,-0.3333333333333333,2.130366526788651,-0.4694027940381773,-0.4694027940381773,0.0,-0.19355613383523898,2.868931722918695,-0.19355613383523898,0.0,-0.3485617981116172,-0.26726124191242434,-0.1856953381770519,-0.7518094115561123,0.0,-0.3485617981116172,0.0,-0.19355613383523898,0.0,0.0,-0.3435293617149026,-0.4472135954999579,-1.3064328981211524,-0.5602397818244311,0.0,0.0,0.5602397818244311,0.4649905549752772
0.6225357987083677,0.594019264620689,-0.4649905549752772,0.39201761368732935,-0.5412160957239143,1.6346220004654248,0.7115308500884661,-0.30536997857970444,0.7182685093353824,1.1197427072546817,0.0,1.8412614975714408,-0.4694027940381773,-0.3333333333333333,2.130366526788651,-0.4694027940381773,-0.4694027940381773,0.0,-0.19355613383523898,-0.3485617981116172,-0.19355613383523898,0.0,-0.3485617981116172,-0.26726124191242434,-0.1856953381770519,-0.7518094115561123,0.0,-0.3485617981116172,0.0,-0.19355613383523898,0.0,0.0,2.910959328215754,-0.4472135954999579,-1.3064328981211524,-0.5602397818244311,0.0,0.0,0.5602397818244311,0.4649905549752772
0.6225357987083677,0.594019264620689,2.1505813167606567,-0.41886330159553803,1.864188774160149,-0.5436249002383869,-1.4054204394309369,-0.8431726458912989,0.7182685093353824,0.1056228996556458,0.0,-0.5431059093556048,-0.4694027940381773,-0.3333333333333333,2.130366526788651,-0.4694027940381773,-0.4694027940381773,0.0,-0.19355613383523898,-0.3485617981116172,5.166459880063687,0.0,-0.3485617981116172,-0.26726124191242434,-0.1856953381770519,-0.7518094115561123,0.0,-0.3485617981116172,0.0,-0.19355613383523898,0.0,0.0,-0.3435293617149026,2.23606797749979,-1.3064328981211524,1.7849500025569083,0.0,0.0,-1.7849500025569083,-2.1505813167606562
0.6610035102660424,0.594019264620689,-0.4649905549752772,-1.3567706263540475,-0.5412160957239143,-0.7922780846679032,0.7115308500884661,1.7192988865933572,0.7182685093353824,0.1303628690551904,0.0,1.8412614975714408,-0.4694027940381773,-0.3333333333333333,-0.4694027940381773,-0.4694027940381773,-0.4694027940381773,0.0,-0.19355613383523898,-0.3485617981116172,-0.19355613383523898,0.0,-0.3485617981116172,-0.26726124191242434,-0.1856953381770519,1.3301243435223524,0.0,-0.3485617981116172,0.0,-0.19355613383523898,0.0,0.0,-0.3435293617149026,-0.4472135954999579,0.7654430636568867,-0.5602397818244311,0.0,0.0,0.5602397818244311,0.4649905549752772
0.6610035102660424,0.594019264620689,-0.4649905549752772,0.7757069738158104,-0.9421169073712581,-0.0750092834289153,0.7115308500884661,1.7509343376116864,0.7182685093353824,0.17310182876777172,0.0,-0.5431059093556048,-0.4694027940381773,-0.3333333333333333,-0.4694027940381773,-0.4694027940381773,-0.4694027940381773,0.0,-0.19355613383523898,-0.3485617981116172,-0.19355613383523898,0.0,-0.3485617981116172,-0.26726124191242434,-0.1856953381770519,1.3301243435223524,0.0,-0.3485617981116172,0.0,-0.19355613383523898,0.0,0.0,-0.3435293617149026,-0.4472135954999579,0.7654430636568867,-0.5602397818244311,0.0,0.0,0.5602397818244311,0.4649905549752772
0.6610035102660424,0.594019264620689,-0.4649905549752772,-0.24746465319347272,-0.5412160957239143,0.20008439798744976,0.7115308500884661,-0.27373452756137534,0.7182685093353824,0.11797099057718861,0.0,1.8412614975714408,-0.4694027940381773,-0.3333333333333333,-0.4694027940381773,-0.4694027940381773,-0.4694027940381773,0.0,-0.19355613383523898,2.868931722918695,-0.19355613383523898,0.0,-0.3485617981116172,-0.26726124191242434,-0.1856953381770519,-0.7518094115561123,0.0,-0.3485617981116172,0.0,-0.19355613383523898,0.0,0.0,-0.3435293617149026,-0.4472135954999579,0.7654430636568867,-0.5602397818244311,0.0,0.0,0.5602397818244311,0.4649905549752772
0.6610035102660424,0.594019264620689,-0.4649905549752772,1.1167641828189048,-0.14031528407657037,-0.9025405827407194,0.7115308500884661,-0.27373452756137534,0.7182685093353824,-0.5385796309746227,0.0,-0.5431059093556048,-0.4694027940381773,-0.3333333333333333,-0.4694027940381773,-0.4694027940381773,-0.4694027940381773,0.0,-0.19355613383523898,-0.3485617981116172,-0.19355613383523898,0.0,-0.3485617981116172,-0.26726124191242434,-0.1856953381770519,-0.7518094115561123,0.0,2.868931722918695,0.0,-0.19355613383523898,0.0,0.0,-0.3435293617149026,-0.4472135954999579,0.7654430636568867,-0.5602397818244311,0.0,0.0,0.5602397818244311,0.4649905549752772
0.6610035102660424,0.594019264620689,2.1505813167606567,0.7757069738158104,-0.5412160957239143,0.089821899914633,0.7115308500884661,-0.27373452756137534,0.7182685093353824,0.7235528964102917,0.0,-0.5431059093556048,-0.4694027940381773,-0.3333333333333333,-0.4694027940381773,-0.4694027940381773,-0.4694027940381773,0.0,-0.19355613383523898,-0.3485617981116172,-0.19355613383523898,0.0,-0.3485617981116172,-0.26726124191242434,-0.1856953381770519,-0.7518094115561123,0.0,-0.3485617981116172,0.0,-0.19355613383523898,0.0,0.0,2.910959328215754,-0.4472135954999579,0.7654430636568867,1.7849500025569083,0.0,0.0,-1.7849500025569083,-2.1505813167606562
0.699471221823717,0.594019264620689,-0.4649905549752772,-1.3567706263540475,1.864188774160149,-0.5441874640040647,-1.4054204394309369,-0.5900890377446663,0.7182685093353824,-0.538710993644001,0.0,-0.5431059093556048,-0.4694027940381773,2.9999999999999996,-0.4694027940381773,-0.4694027940381773,-0.4694027940381773,0.0,-0.19355613383523898,-0.3485617981116172,-0.19355613383523898,0.0,-0.3485617981116172,3.741657386773941,-0.1856953381770519,-0.7518094115561123,0.0,-0.3485617981116172,0.0,-0.19355613383523898,0.0,0.0,-0.3435293617149026,-0.4472135954999579,0.7654430636568867,1.7849500025569083,0.0,0.0,-1.7849500025569083,0.4649905549752772
0.699471221823717,0.594019264620689,-0.4649905549752772,0.3067533114365557,-0.9421169073712581,-0.5993187130404728,0.7115308500884661,-0.5584535867263372,0.7182685093353824,-0.2810212238806016,0.0,-0.5431059093556048,-0.4694027940381773,2.9999999999999996,-0.4694027940381773,-0.4694027940381773,-0.4694027940381773,0.0,-0.19355613383523898,-0.3485617981116172,-0.19355613383523898,0.0,-0.3485617981116172,3.741657386773941,-0.1856953381770519,-0.7518094115561123,0.0,-0.3485617981116172,0.0,-0.19355613383523898,0.0,0.0,-0.3435293617149026,-0.4472135954999579,0.7654430636568867,1.7849500025569083,0.0,0.0,-1.7849500025569083,0.4649905549752772
0.699471221823717,0.594019264620689,-0.4649905549752772,0.9036034271919707,1.864188774160149,0.09038446368031014,-1.4054204394309369,-0.8431726458912989,0.7182685093353824,0.23435831564619705,0.0,-0.5431059093556048,-0.4694027940381773,2.9999999999999996,-0.4694027940381773,-0.4694027940381773,-0.4694027940381773,0.0,-0.19355613383523898,-0.3485617981116172,-0.19355613383523898,0.0,-0.3485617981116172,-0.26726124191242434,5.385164807134505,-0.7518094115561123,0.0,-0.3485617981116172,0.0,-0.19355613383523898,0.0,0.0,-0.3435293617149026,-0.4472135954999579,-1.3064328981211524,1.7849500025569083,0.0,0.0,-1.7849500025569083,0.4649905549752772
0.7764066449390663,0.8626711933436135,-0.4649905549752772,-1.3567706263540475,0.26058552757077347,-0.13014053246532398,-1.4054204394309369,1.7509343376116864,0.7182685093353824,0.13432564291476343,0.0,-0.5431059093556048,2.130366526788651,-0.3333333333333333,-0.4694027940381773,-0.4694027940381773,-0.4694027940381773,0.0,-0.19355613383523898,-0.3485617981116172,-0.19355613383523898,0.0,-0.3485617981116172,-0.26726124191242434,-0.1856953381770519,1.3301243435223524,0.0,-0.3485617981116172,0.0,-0.19355613383523898,0.0,0.0,-0.3435293617149026,-0.4472135954999579,0.7654430636568867,-0.5602397818244311,0.0,0.0,0.5602397818244311,0.4649905549752772
0.7764066449390663,0.8626711933436135,-0.4649905549752772,0.3067533114365557,-0.9421169073712581,0.007687590125697113,0.7115308500884661,1.7825697886300154,0.7182685093353824,0.13908910352102255,0.0,-0.5431059093556048,2.130366526788651,-0.3333333333333333,-0.4694027940381773,-0.4694027940381773,-0.4694027940381773,0.0,-0.19355613383523898,-0.3485617981116172,-0.19355613383523898,0.0,-0.3485617981116172,-0.26726124191242434,-0.1856953381770519,1.3301243435223524,0.0,-0.3485617981116172,0.0,-0.19355613383523898,0.0,0.0,-0.3435293617149026,2.23606797749979,-1.3064328981211524,-0.5602397818244311,0.0,0.0,0.5602397818244311,0.4649905549752772
0.7764066449390663,0.8626711933436135,-0.4649905549752772,-0.2048325020680859,1.0623871508654612,-0.3236624678584303,-1.4054204394309369,-0.27373452756137534,0.7182685093353824,0.6096176745030073,0.0,-0.5431059093556048,2.130366526788651,-0.3333333333333333,-0.4694027940381773,-0.4694027940381773,-0.4694027940381773,0.0,-0.19355613383523898,-0.3485617981116172,-0.19355613383523898,0.0,2.868931722918695,-0.26726124191242434,-0.1856953381770519,-0.7518094115561123,0.0,-0.3485617981116172,0.0,-0.19355613383523898,0.0,0.0,-0.3435293617149026,-0.4472135954999579,0.7654430636568867,-0.5602397818244311,0.0,0.0,0.5602397818244311,0.4649905549752772
0.7764066449390663,0.8626711933436135,-0.4649905549752772,-0.3762311504701512,-0.9421169073712581,-0.26853121882202163,0.7115308500884661,-0.24209907654304624,0.7182685093353824,0.40869534400657903,0.0,-0.5431059093556048,2.130366526788651,-0.3333333333333333,-0.4694027940381773,-0.4694027940381773,-0.4694027940381773,0.0,-0.19355613383523898,-0.3485617981116172,-0.19355613383523898,0.0,2.868931722918695,-0.26726124191242434,-0.1856953381770519,-0.7518094115561123,0.0,-0.3485617981116172,0.0,-0.19355613383523898,0.0,0.0,-0.3435293617149026,-0.4472135954999579,0.7654430636568867,-0.5602397818244311,0.0,0.0,0.5602397818244311,0.4649905549752772
0.7764066449390663,0.8626711933436135,2.1505813167606567,-0.11956819981731227,1.864188774160149,-0.29553427957454825,-1.4054204394309369,-0.8431726458912989,0.7182685093353824,-0.02311251633490548,0.0,-0.5431059093556048,2.130366526788651,-0.3333333333333333,-0.4694027940381773,-0.4694027940381773,-0.4694027940381773,0.0,-0.19355613383523898,-0.3485617981116172,-0.19355613383523898,0.0,-0.3485617981116172,-0.26726124191242434,-0.1856953381770519,-0.7518094115561123,0.0,-0.3485617981116172,0.0,5.166459880063687,0.0,0.0,-0.3435293617149026,-0.4472135954999579,0.7654430636568867,1.7849500025569083,0.0,0.0,-1.7849500025569083,-2.1505813167606562
0.814874356496741,0.8626711933436135,-0.4649905549752772,-1.3567706263540475,-0.5412160957239143,-0.6263217737930004,0.7115308500884661,1.8142052396483446,0.7182685093353824,0.10830986334747073,0.0,-0.5431059093556048,-0.4694027940381773,-0.3333333333333333,-0.4694027940381773,2.130366526788651,-0.4694027940381773,0.0,-0.19355613383523898,-0.3485617981116172,-0.19355613383523898,0.0,-0.3485617981116172,-0.26726124191242434,-0.1856953381770519,1.3301243435223524,0.0,-0.3485617981116172,0.0,-0.19355613383523898,0.0,0.0,-0.3435293617149026,-0.4472135954999579,-1.3064328981211524,-0.5602397818244311,0.0,0.0,0.5602397818244311,0.4649905549752772
0.814874356496741,0.8626711933436135,-0.4649905549752772,0.05096040468423482,-0.9421169073712581,-0.43336240216557054,0.7115308500884661,1.8458406906666736,0.7182685093353824,0.09699865483995265,0.0,1.8412614975714408,-0.4694027940381773,-0.3333333333333333,-0.4694027940381773,2.130366526788651,-0.4694027940381773,0.0,-0.19355613383523898,-0.3485617981116172,-0.19355613383523898,0.0,-0.3485617981116172,-0.26726124191242434,-0.1856953381770519,1.3301243435223524,0.0,-0.3485617981116172,0.0,-0.19355613383523898,0.0,0.0,-0.3435293617149026,-0.4472135954999579,-1.3064328981211524,-0.5602397818244311,0.0,0.0,0.5602397818244311,0.4649905549752772
0.814874356496741,0.8626711933436135,-0.4649905549752772,1.5857178451981595,0.6614863392181173,-0.35122809237663466,-1.4054204394309369,-0.27373452756137534,0.7182685093353824,-0.2917491752131475,0.0,1.8412614975714408,-0.4694027940381773,-0.3333333333333333,-0.4694027940381773,2.130366526788651,-0.4694027940381773,0.0,-0.19355613383523898,-0.3485617981116172,-0.19355613383523898,0.0,-0.3485617981116172,-0.26726124191242434,-0.1856953381770519,-0.7518094115561123,0.0,2.868931722918695,0.0,-0.19355613383523898,0.0,0.0,-0.3435293617149026,-0.4472135954999579,0.7654430636568867,-0.5602397818244311,0.0,0.0,0.5602397818244311,0.4649905549752772
0.814874356496741,0.8626711933436135,-0.4649905549752772,0.05096040468423482,0.6614863392181173,0.25521564702385846,-1.4054204394309369,-0.27373452756137534,0.7182685093353824,0.3411999534070626,0.0,1.8412614975714408,-0.4694027940381773,-0.3333333333333333,-0.4694027940381773,2.130366526788651,-0.4694027940381773,0.0,-0.19355613383523898,2.868931722918695,-0.19355613383523898,0.0,-0.3485617981116172,-0.26726124191242434,-0.1856953381770519,-0.7518094115561123,0.0,-0.3485617981116172,0.0,-0.19355613383523898,0.0,0.0,-0.3435293617149026,-0.4472135954999579,-1.3064328981211524,-0.5602397818244311,0.0,0.0,0.5602397818244311,0.4649905549752772
0.814874356496741,0.8626711933436135,2.1505813167606567,-0.2048325020680859,1.864188774160149,-0.10257490794711904,-1.4054204394309369,-0.8431726458912989,0.7182685093353824,-0.21621564032073237,0.0,-0.5431059093556048,-0.4694027940381773,-0.3333333333333333,-0.4694027940381773,2.130366526788651,-0.4694027940381773,0.0,5.166459880063687,-0.3485617981116172,-0.19355613383523898,0.0,-0.3485617981116172,-0.26726124191242434,-0.1856953381770519,-0.7518094115561123,0.0,-0.3485617981116172,0.0,-0.19355613383523898,0.0,0.0,-0.3435293617149026,-0.4472135954999579,-1.3064328981211524,1.7849500025569083,0.0,0.0,-1.7849500025569083,-2.1505813167606562
0.8533420680544156,0.8626711933436135,-0.4649905549752772,-1.3567706263540475,-0.5412160957239143,0.39360633338055606,0.7115308500884661,1.8774761416850028,0.7182685093353824,0.18318160903430689,0.0,-0.5431059093556048,-0.4694027940381773,-0.3333333333333333,-0.4694027940381773,-0.4694027940381773,2.130366526788651,0.0,-0.19355613383523898,-0.3485617981116172,-0.19355613383523898,0.0,-0.3485617981116172,-0.26726124191242434,-0.1856953381770519,1.3301243435223524,0.0,-0.3485617981116172,0.0,-0.19355613383523898,0.0,0.0,-0.3435293617149026,-0.4472135954999579,-1.3064328981211524,-0.5602397818244311,0.0,0.0,0.5602397818244311,0.4649905549752772
0.8533420680544156,0.8626711933436135,-0.4649905549752772,-0.16220035094269908,-0.9421169073712581,0.42117195789876044,0.7115308500884661,1.9091115927033318,0.7182685093353824,0.15690688578086123,0.0,1.8412614975714408,-0.4694027940381773,-0.3333333333333333,-0.4694027940381773,-0.4694027940381773,2.130366526788651,0.0,-0.19355613383523898,-0.3485617981116172,-0.19355613383523898,0.0,-0.3485617981116172,-0.26726124191242434,-0.1856953381770519,1.3301243435223524,0.0,-0.3485617981116172,0.0,-0.19355613383523898,0.0,0.0,-0.3435293617149026,-0.4472135954999579,-1.3064328981211524,-0.5602397818244311,0.0,0.0,0.5602397818244311,0.4649905549752772
0.8533420680544156,0.8626711933436135,-0.4649905549752772,-0.07693604869192547,1.0623871508654612,-0.048006222676388696,-1.4054204394309369,-0.27373452756137534,0.7182685093353824,0.5025570989598451,0.0,1.8412614975714408,-0.4694027940381773,-0.3333333333333333,-0.4694027940381773,-0.4694027940381773,2.130366526788651,0.0,-0.19355613383523898,-0.3485617981116172,-0.19355613383523898,0.0,-0.3485617981116172,-0.26726124191242434,-0.1856953381770519,-0.7518094115561123,0.0,-0.3485617981116172,0.0,-0.19355613383523898,0.0,0.0,2.910959328215754,-0.4472135954999579,0.7654430636568867,-0.5602397818244311,0.0,0.0,0.5602397818244311,0.4649905549752772
0.8533420680544156,0.8626711933436135,-0.4649905549752772,-0.46149545272092485,-0.5412160957239143,-0.35122809237663466,0.7115308500884661,-0.24209907654304624,0.7182685093353824,-0.2717632833720488,0.0,1.8412614975714408,-0.4694027940381773,-0.3333333333333333,-0.4694027940381773,-0.4694027940381773,2.130366526788651,0.0,-0.19355613383523898,-0.3485617981116172,-0.19355613383523898,0.0,-0.3485617981116172,-0.26726124191242434,-0.1856953381770519,-0.7518094115561123,0.0,2.868931722918695,0.0,-0.19355613383523898,0.0,0.0,-0.3435293617149026,-0.4472135954999579,0.7654430636568867,-0.5602397818244311,0.0,0.0,0.5602397818244311,0.4649905549752772
0.8533420680544156,0.8626711933436135,2.1505813167606567,0.8183391249411971,-0.14031528407657037,-0.48905621496765606,0.7115308500884661,-0.21046362552471715,0.7182685093353824,0.3064435804674366,0.0,-0.5431059093556048,-0.4694027940381773,-0.3333333333333333,-0.4694027940381773,-0.4694027940381773,2.130366526788651,0.0,-0.19355613383523898,-0.3485617981116172,-0.19355613383523898,0.0,2.868931722918695,-0.26726124191242434,-0.1856953381770519,-0.7518094115561123,0.0,-0.3485617981116172,0.0,-0.19355613383523898,0.0,0.0,-0.3435293617149026,-0.4472135954999579,0.7654430636568867,-0.5602397818244311,0.0,0.0,0.5602397818244311,-2.1505813167606562
0.8918097796120903,0.8626711933436135,-0.4649905549752772,-1.3567706263540475,-0.5412160957239143,0.33847508434414797,0.7115308500884661,1.940747043721661,0.7182685093353824,0.1376046572388557,0.0,-0.5431059093556048,-0.4694027940381773,-0.3333333333333333,2.130366526788651,-0.4694027940381773,-0.4694027940381773,0.0,-0.19355613383523898,-0.3485617981116172,-0.19355613383523898,0.0,-0.3485617981116172,-0.26726124191242434,-0.1856953381770519,1.3301243435223524,0.0,-0.3485617981116172,0.0,-0.19355613383523898,0.0,0.0,-0.3435293617149026,-0.4472135954999579,0.7654430636568867,-0.5602397818244311,0.0,0.0,0.5602397818244311,0.4649905549752772
0.8918097796120903,0.8626711933436135,-0.4649905549752772,-0.16220035094269908,-0.9421169073712581,-0.7917155209022252,0.7115308500884661,1.97238249473999,0.7182685093353824,0.11496424503364502,0.0,-0.5431059093556048,-0.4694027940381773,-0.3333333333333333,2.130366526788651,-0.4694027940381773,-0.4694027940381773,0.0,-0.19355613383523898,-0.3485617981116172,-0.19355613383523898,0.0,-0.3485617981116172,-0.26726124191242434,-0.1856953381770519,1.3301243435223524,0.0,-0.3485617981116172,0.0,-0.19355613383523898,0.0,0.0,-0.3435293617149026,-0.4472135954999579,0.7654430636568867,-0.5602397818244311,0.0,0.0,0.5602397818244311,0.4649905549752772
0.8918097796120903,0.8626711933436135,-0.4649905549752772,0.3067533114365557,-0.14031528407657037,0.31090945982594426,0.7115308500884661,-0.24209907654304624,0.7182685093353824,0.21559222002075235,0.0,1.8412614975714408,-0.4694027940381773,-0.3333333333333333,2.130366526788651,-0.4694027940381773,-0.4694027940381773,0.0,-0.19355613383523898,2.868931722918695,-0.19355613383523898,0.0,-0.3485617981116172,-0.26726124191242434,-0.1856953381770519,-0.7518094115561123,0.0,-0.3485617981116172,0.0,-0.19355613383523898,0.0,0.0,-0.3435293617149026,-0.4472135954999579,0.7654430636568867,-0.5602397818244311,0.0,0.0,0.5602397818244311,0.4649905549752772
0.8918097796120903,0.8626711933436135,-0.4649905549752772,2.098173702603319,-0.5412160957239143,-1.2614562652430523,0.7115308500884661,-0.24209907654304624,0.7182685093353824,0.29853836268521783,0.0,1.8412614975714408,-0.4694027940381773,-0.3333333333333333,2.130366526788651,-0.4694027940381773,-0.4694027940381773,0.0,-0.19355613383523898,-0.3485617981116172,-0.19355613383523898,0.0,-0.3485617981116172,-0.26726124191242434,-0.1856953381770519,-0.7518094115561123,0.0,-0.3485617981116172,0.0,-0.19355613383523898,0.0,0.0,2.910959328215754,-0.4472135954999579,0.7654430636568867,-0.5602397818244311,0.0,0.0,0.5602397818244311,0.4649905549752772
0.8918097796120903,0.8626711933436135,2.1505813167606567,1.7562464496997068,1.864188774160149,0.44873758241696476,-1.4054204394309369,-0.8431726458912989,0.7182685093353824,0.9424031035942289,0.0,-0.5431059093556048,-0.4694027940381773,-0.3333333333333333,2.130366526788651,-0.4694027940381773,-0.4694027940381773,0.0,-0.19355613383523898,-0.3485617981116172,5.166459880063687,0.0,-0.3485617981116172,-0.26726124191242434,-0.1856953381770519,-0.7518094115561123,0.0,-0.3485617981116172,0.0,-0.19355613383523898,0.0,0.0,-0.3435293617149026,-0.4472135954999579,-1.3064328981211524,1.7849500025569083,0.0,0.0,-1.7849500025569083,-2.1505813167606562
0.9302774911697649,0.8626711933436135,-0.4649905549752772,-1.3567706263540475,-0.5412160957239143,-0.4884936512019789,0.7115308500884661,2.004017945758319,0.7182685093353824,0.11922831898409315,0.0,-0.5431059093556048,-0.4694027940381773,-0.3333333333333333,-0.4694027940381773,-0.4694027940381773,-0.4694027940381773,0.0,-0.19355613383523898,-0.3485617981116172,-0.19355613383523898,0.0,-0.3485617981116172,-0.26726124191242434,-0.1856953381770519,1.3301243435223524,0.0,-0.3485617981116172,0.0,-0.19355613383523898,0.0,0.0,-0.3435293617149026,-0.4472135954999579,0.7654430636568867,-0.5602397818244311,0.0,0.0,0.5602397818244311,0.4649905549752772
0.9302774911697649,0.8626711933436135,-0.4649905549752772,0.13622470693500846,-0.9421169073712581,-0.3506655286109575,0.7115308500884661,2.0356533967766484,0.7182685093353824,0.11432001431792072,0.0,-0.5431059093556048,-0.4694027940381773,-0.3333333333333333,-0.4694027940381773,-0.4694027940381773,-0.4694027940381773,0.0,-0.19355613383523898,-0.3485617981116172,-0.19355613383523898,0.0,-0.3485617981116172,-0.26726124191242434,-0.1856953381770519,1.3301243435223524,0.0,-0.3485617981116172,0.0,-0.19355613383523898,0.0,0.0,-0.3435293617149026,-0.4472135954999579,-1.3064328981211524,-0.5602397818244311,0.0,0.0,0.5602397818244311,0.4649905549752772
0.9302774911697649,0.8626711933436135,-0.4649905549752772,0.434649764812716,-0.5412160957239143,1.4140970043197907,0.7115308500884661,-0.21046362552471715,0.7182685093353824,0.5560326522858525,0.0,-0.5431059093556048,-0.4694027940381773,-0.3333333333333333,-0.4694027940381773,-0.4694027940381773,-0.4694027940381773,0.0,-0.19355613383523898,2.868931722918695,-0.19355613383523898,0.0,-0.3485617981116172,-0.26726124191242434,-0.1856953381770519,-0.7518094115561123,0.0,-0.3485617981116172,0.0,-0.19355613383523898,0.0,0.0,-0.3435293617149026,-0.4472135954999579,0.7654430636568867,-0.5602397818244311,0.0,0.0,0.5602397818244311,0.4649905549752772
0.9302774911697649,0.8626711933436135,-0.4649905549752772,-0.11956819981731227,-0.14031528407657037,0.5314344559715778,0.7115308500884661,-0.21046362552471715,0.7182685093353824,-0.11194652150185466,0.0,-0.5431059093556048,-0.4694027940381773,-0.3333333333333333,-0.4694027940381773,-0.4694027940381773,-0.4694027940381773,0.0,-0.19355613383523898,-0.3485617981116172,-0.19355613383523898,0.0,-0.3485617981116172,-0.26726124191242434,-0.1856953381770519,-0.7518094115561123,0.0,2.868931722918695,0.0,-0.19355613383523898,0.0,0.0,-0.3435293617149026,-0.4472135954999579,0.7654430636568867,-0.5602397818244311,0.0,0.0,0.5602397818244311,0.4649905549752772
0.9302774911697649,0.8626711933436135,2.1505813167606567,2.0129094003525454,-0.5412160957239143,0.14495314895104108,0.7115308500884661,-0.21046362552471715,0.7182685093353824,0.5640786157852616,0.0,-0.5431059093556048,-0.4694027940381773,-0.3333333333333333,-0.4694027940381773,-0.4694027940381773,-0.4694027940381773,0.0,-0.19355613383523898,-0.3485617981116172,-0.19355613383523898,0.0,-0.3485617981116172,-0.26726124191242434,-0.1856953381770519,-0.7518094115561123,0.0,-0.3485617981116172,0.0,-0.19355613383523898,0.0,0.0,2.910959328215754,2.23606797749979,-1.3064328981211524,1.7849500025569083,0.0,0.0,-1.7849500025569083,-2.1505813167606562
0.9687452027274395,0.8626711933436135,-0.4649905549752772,-1.3567706263540475,1.864188774160149,0.17308133723492375,-1.4054204394309369,-0.5584535867263372,0.7182685093353824,0.07311063898456287,0.0,-0.5431059093556048,-0.4694027940381773,2.9999999999999996,-0.4694027940381773,-0.4694027940381773,-0.4694027940381773,0.0,-0.19355613383523898,-0.3485617981116172,-0.19355613383523898,0.0,-0.3485617981116172,3.741657386773941,-0.1856953381770519,-0.7518094115561123,0.0,-0.3485617981116172,0.0,-0.19355613383523898,0.0,0.0,-0.3435293617149026,-0.4472135954999579,0.7654430636568867,1.7849500025569083,0.0,0.0,-1.7849500025569083,0.4649905549752772
0.9687452027274395,0.8626711933436135,-0.4649905549752772,-0.2909668482193776,-0.9421169073712581,0.062256275396429264,0.7115308500884661,-0.5268181357080081,0.7182685093353824,-0.07513213340863806,0.0,1.8412614975714408,-0.4694027940381773,2.9999999999999996,-0.4694027940381773,-0.4694027940381773,-0.4694027940381773,0.0,-0.19355613383523898,-0.3485617981116172,-0.19355613383523898,0.0,-0.3485617981116172,3.741657386773941,-0.1856953381770519,-0.7518094115561123,0.0,-0.3485617981116172,0.0,-0.19355613383523898,0.0,0.0,-0.3435293617149026,-0.4472135954999579,0.7654430636568867,1.7849500025569083,0.0,0.0,-1.7849500025569083,0.4649905549752772
0.9687452027274395,0.8626711933436135,-0.4649905549752772,0.05096040468423482,1.864188774160149,-0.4333624021655693,-1.4054204394309369,-0.8431726458912989,0.7182685093353824,-0.08748022433018088,0.0,-0.5431059093556048,-0.4694027940381773,2.9999999999999996,-0.4694027940381773,-0.4694027940381773,-0.4694027940381773,0.0,-0.19355613383523898,-0.3485617981116172,-0.19355613383523898,0.0,-0.3485617981116172,-0.26726124191242434,5.385164807134505,-0.7518094115561123,0.0,-0.3485617981116172,0.0,-0.19355613383523898,0.0,0.0,-0.3435293617149026,-0.4472135954999579,-1.3064328981211524,1.7849500025569083,0.0,0.0,-1.7849500025569083,0.4649905549752772
1.0456806258427889,1.131323122066538,-0.4649905549752772,-1.3567706263540475,0.26058552757077347,0.035253214643900854,-1.4054204394309369,2.0356533967766484,0.7182685093353824,0.12475806182839104,0.0,-0.5431059093556048,2.130366526788651,-0.3333333333333333,-0.4694027940381773,-0.4694027940381773,-0.4694027940381773,0.0,-0.19355613383523898,-0.3485617981116172,-0.19355613383523898,0.0,-0.3485617981116172,-0.26726124191242434,-0.1856953381770519,1.3301243435223524,0.0,-0.3485617981116172,0.0,-0.19355613383523898,0.0,0.0,-0.3435293617149026,-0.4472135954999579,-1.3064328981211524,-0.5602397818244311,0.0,0.0,0.5602397818244311,0.4649905549752772
1.0456806258427889,1.131323122066538,-0.4649905549752772,0.008328253558848009,-0.9421169073712581,-0.15770615698352833,0.7115308500884661,2.0672888477949773,0.7182685093353824,0.11375891014616127,0.0,-0.5431059093556048,2.130366526788651,-0.3333333333333333,-0.4694027940381773,-0.4694027940381773,-0.4694027940381773,0.0,-0.19355613383523898,-0.3485617981116172,-0.19355613383523898,0.0,-0.3485617981116172,-0.26726124191242434,-0.1856953381770519,1.3301243435223524,0.0,-0.3485617981116172,0.0,-0.19355613383523898,0.0,0.0,-0.3435293617149026,-0.4472135954999579,-1.3064328981211524,-0.5602397818244311,0.0,0.0,0.5602397818244311,0.4649905549752772
1.0456806258427889,1.131323122066538,-0.4649905549752772,-0.16220035094269908,1.0623871508654612,-0.874974958222515,-1.4054204394309369,-0.21046362552471715,0.7182685093353824,0.2412183661581649,0.0,-0.5431059093556048,2.130366526788651,-0.3333333333333333,-0.4694027940381773,-0.4694027940381773,-0.4694027940381773,0.0,-0.19355613383523898,-0.3485617981116172,-0.19355613383523898,0.0,2.868931722918695,-0.26726124191242434,-0.1856953381770519,-0.7518094115561123,0.0,-0.3485617981116172,0.0,-0.19355613383523898,0.0,0.0,-0.3435293617149026,-0.4472135954999579,-1.3064328981211524,-0.5602397818244311,0.0,0.0,0.5602397818244311,0.4649905549752772
1.0456806258427889,1.131323122066538,-0.4649905549752772,0.3067533114365557,-0.9421169073712581,-0.4333624021655693,0.7115308500884661,-0.17882817450638808,0.7182685093353824,0.24053236110696846,0.0,-0.5431059093556048,2.130366526788651,-0.3333333333333333,-0.4694027940381773,-0.4694027940381773,-0.4694027940381773,0.0,-0.19355613383523898,-0.3485617981116172,-0.19355613383523898,0.0,2.868931722918695,-0.26726124191242434,-0.1856953381770519,-0.7518094115561123,0.0,-0.3485617981116172,0.0,-0.19355613383523898,0.0,0.0,-0.3435293617149026,-0.4472135954999579,0.7654430636568867,-0.5602397818244311,0.0,0.0,0.5602397818244311,0.4649905549752772
1.0456806258427889,1.131323122066538,2.1505813167606567,-0.2909668482193776,1.864188774160149,-0.13014053246532278,-1.4054204394309369,-0.8431726458912989,0.7182685093353824,0.08416699699055383,0.0,-0.5431059093556048,2.130366526788651,-0.3333333333333333,-0.4694027940381773,-0.4694027940381773,-0.4694027940381773,0.0,-0.19355613383523898,-0.3485617981116172,-0.19355613383523898,0.0,-0.3485617981116172,-0.26726124191242434,-0.1856953381770519,-0.7518094115561123,0.0,-0.3485617981116172,0.0,5.166459880063687,0.0,0.0,-0.3435293617149026,-0.4472135954999579,0.7654430636568867,1.7849500025569083,0.0,0.0,-1.7849500025569083,-2.1505813167606562
1.0841483374004635,1.131323122066538,-0.4649905549752772,-1.3567706263540475,-0.5412160957239143,-0.3506655286109575,0.7115308500884661,2.0989242988133063,0.7182685093353824,0.09540124194466129,0.0,1.8412614975714408,-0.4694027940381773,-0.3333333333333333,-0.4694027940381773,2.130366526788651,-0.4694027940381773,0.0,-0.19355613383523898,-0.3485617981116172,-0.19355613383523898,0.0,-0.3485617981116172,-0.26726124191242434,-0.1856953381770519,1.3301243435223524,0.0,-0.3485617981116172,0.0,-0.19355613383523898,0.0,0.0,-0.3435293617149026,-0.4472135954999579,0.7654430636568867,-0.5602397818244311,0.0,0.0,0.5602397818244311,0.4649905549752772
1.0841483374004635,1.131323122066538,-0.4649905549752772,-0.0343038975665388,-0.9421169073712581,-0.6538873983112047,0.7115308500884661,2.1305597498316358,0.7182685093353824,0.0840077695125199,0.0,-0.5431059093556048,-0.4694027940381773,-0.3333333333333333,-0.4694027940381773,2.130366526788651,-0.4694027940381773,0.0,-0.19355613383523898,-0.3485617981116172,-0.19355613383523898,0.0,-0.3485617981116172,-0.26726124191242434,-0.1856953381770519,1.3301243435223524,0.0,-0.3485617981116172,0.0,-0.19355613383523898,0.0,0.0,-0.3435293617149026,-0.4472135954999579,0.7654430636568867,-0.5602397818244311,0.0,0.0,0.5602397818244311,0.4649905549752772
1.0841483374004635,1.131323122066538,-0.4649905549752772,-0.46149545272092485,0.6614863392181173,1.3314001307651784,-1.4054204394309369,-0.21046362552471715,0.7182685093353824,0.2127564544595743,0.0,-0.5431059093556048,-0.4694027940381773,-0.3333333333333333,-0.4694027940381773,2.130366526788651,-0.4694027940381773,0.0,-0.19355613383523898,-0.3485617981116172,-0.19355613383523898,0.0,-0.3485617981116172,-0.26726124191242434,-0.1856953381770519,-0.7518094115561123,0.0,2.868931722918695,0.0,-0.19355613383523898,0.0,0.0,-0.3435293617149026,-0.4472135954999579,-1.3064328981211524,-0.5602397818244311,0.0,0.0,0.5602397818244311,0.4649905549752772
1.0841483374004635,1.131323122066538,-0.4649905549752772,-0.2909668482193776,0.6614863392181173,0.6146938932918685,-1.4054204394309369,-0.21046362552471715,0.7182685093353824,0.4487713837755844,0.0,-0.5431059093556048,-0.4694027940381773,-0.3333333333333333,-0.4694027940381773,2.130366526788651,-0.4694027940381773,0.0,-0.19355613383523898,2.868931722918695,-0.19355613383523898,0.0,-0.3485617981116172,-0.26726124191242434,-0.1856953381770519,-0.7518094115561123,0.0,-0.3485617981116172,0.0,-0.19355613383523898,0.0,0.0,-0.3435293617149026,-0.4472135954999579,0.7654430636568867,-0.5602397818244311,0.0,0.0,0.5602397818244311,0.4649905549752772
1.0841483374004635,1.131323122066538,2.1505813167606567,0.05096040468423482,1.864188774160149,-0.6814530228294078,-1.4054204394309369,-0.8431726458912989,0.7182685093353824,-0.3449510563112834,0.0,1.8412614975714408,-0.4694027940381773,-0.3333333333333333,-0.4694027940381773,2.130366526788651,-0.4694027940381773,0.0,5.166459880063687,-0.3485617981116172,-0.19355613383523898,0.0,-0.3485617981116172,-0.26726124191242434,-0.1856953381770519,-0.7518094115561123,0.0,-0.3485617981116172,0.0,-0.19355613383523898,0.0,0.0,-0.3435293617149026,-0.4472135954999579,-1.3064328981211524,1.7849500025569083,0.0,0.0,-1.7849500025569083,-2.1505813167606562
1.122616048958138,1.131323122066538,-0.4649905549752772,-1.3567706263540475,-0.5412160957239143,-0.9576718317771287,0.7115308500884661,2.1621952008499647,0.7182685093353824,0.05431418643972381,0.0,-0.5431059093556048,-0.4694027940381773,-0.3333333333333333,-0.4694027940381773,-0.4694027940381773,2.130366526788651,0.0,-0.19355613383523898,-0.3485617981116172,-0.19355613383523898,0.0,-0.3485617981116172,-0.26726124191242434,-0.1856953381770519,1.3301243435223524,0.0,-0.3485617981116172,0.0,-0.19355613383523898,0.0,0.0,-0.3435293617149026,-0.4472135954999579,0.7654430636568867,-0.5602397818244311,0.0,0.0,0.5602397818244311,0.4649905549752772
1.122616048958138,1.131323122066538,-0.4649905549752772,-0.16220035094269908,-0.9421169073712581,-0.9576718317771287,0.7115308500884661,2.1938306518682937,0.7182685093353824,0.03922845333282227,0.0,1.8412614975714408,-0.4694027940381773,-0.3333333333333333,-0.4694027940381773,-0.4694027940381773,2.130366526788651,0.0,-0.19355613383523898,-0.3485617981116172,-0.19355613383523898,0.0,-0.3485617981116172,-0.26726124191242434,-0.1856953381770519,1.3301243435223524,0.0,-0.3485617981116172,0.0,-0.19355613383523898,0.0,0.0,-0.3435293617149026,-0.4472135954999579,0.7654430636568867,-0.5602397818244311,0.0,0.0,0.5602397818244311,0.4649905549752772
1.122616048958138,1.131323122066538,-0.4649905549752772,0.3067533114365557,1.0623871508654612,0.5033062676876963,-1.4054204394309369,-0.21046362552471715,0.7182685093353824,0.5274430268809209,0.0,1.8412614975714408,-0.4694027940381773,-0.3333333333333333,-0.4694027940381773,-0.4694027940381773,2.130366526788651,0.0,-0.19355613383523898,-0.3485617981116172,-0.19355613383523898,0.0,-0.3485617981116172,-0.26726124191242434,-0.1856953381770519,-0.7518094115561123,0.0,-0.3485617981116172,0.0,-0.19355613383523898,0.0,0.0,2.910959328215754,-0.4472135954999579,0.7654430636568867,-0.5602397818244311,0.0,0.0,0.5602397818244311,0.4649905549752772
1.122616048958138,1.131323122066538,-0.4649905549752772,-0.11956819981731227,-0.5412160957239143,1.1103125708538666,0.7115308500884661,-0.17882817450638808,0.7182685093353824,0.12467048671547219,0.0,-0.5431059093556048,-0.4694027940381773,-0.3333333333333333,-0.4694027940381773,-0.4694027940381773,2.130366526788651,0.0,-0.19355613383523898,-0.3485617981116172,-0.19355613383523898,0.0,-0.3485617981116172,-0.26726124191242434,-0.1856953381770519,-0.7518094115561123,0.0,2.868931722918695,0.0,-0.19355613383523898,0.0,0.0,-0.3435293617149026,-0.4472135954999579,0.7654430636568867,-0.5602397818244311,0.0,0.0,0.5602397818244311,0.4649905549752772
1.122616048958138,1.131323122066538,2.1505813167606567,0.13622470693500846,-0.14031528407657037,-0.5441874640040641,0.7115308500884661,-0.14719272348805898,0.7182685093353824,0.15792912618983918,0.0,-0.5431059093556048,-0.4694027940381773,-0.3333333333333333,-0.4694027940381773,-0.4694027940381773,2.130366526788651,0.0,-0.19355613383523898,-0.3485617981116172,-0.19355613383523898,0.0,2.868931722918695,-0.26726124191242434,-0.1856953381770519,-0.7518094115561123,0.0,-0.3485617981116172,0.0,-0.19355613383523898,0.0,0.0,-0.3435293617149026,-0.4472135954999579,0.7654430636568867,-0.5602397818244311,0.0,0.0,0.5602397818244311,-2.1505813167606562
1.1610837605158126,1.131323122066538,-0.4649905549752772,-1.3567706263540475,-0.5412160957239143,-0.7371468356314947,0.7115308500884661,2.2254661028866227,0.7182685093353824,0.044648727285971364,0.0,-0.5431059093556048,-0.4694027940381773,-0.3333333333333333,2.130366526788651,-0.4694027940381773,-0.4694027940381773,0.0,-0.19355613383523898,-0.3485617981116172,-0.19355613383523898,0.0,-0.3485617981116172,-0.26726124191242434,-0.1856953381770519,1.3301243435223524,0.0,-0.3485617981116172,0.0,-0.19355613383523898,0.0,0.0,-0.3435293617149026,-0.4472135954999579,-1.3064328981211524,-0.5602397818244311,0.0,0.0,0.5602397818244311,0.4649905549752772
1.1610837605158126,1.131323122066538,-0.4649905549752772,1.884142903075867,-0.9421169073712581,0.7795250766354156,0.7115308500884661,2.257101553904952,0.7182685093353824,0.11414372145314519,0.0,-0.5431059093556048,-0.4694027940381773,-0.3333333333333333,2.130366526788651,-0.4694027940381773,-0.4694027940381773,0.0,-0.19355613383523898,-0.3485617981116172,-0.19355613383523898,0.0,-0.3485617981116172,-0.26726124191242434,-0.1856953381770519,1.3301243435223524,0.0,-0.3485617981116172,0.0,-0.19355613383523898,0.0,0.0,-0.3435293617149026,-0.4472135954999579,0.7654430636568867,-0.5602397818244311,0.0,0.0,0.5602397818244311,0.4649905549752772
1.1610837605158126,1.131323122066538,-0.4649905549752772,1.884142903075867,-0.14031528407657037,0.780087640401094,0.7115308500884661,-0.17882817450638808,0.7182685093353824,0.3887094521654805,0.0,-0.5431059093556048,-0.4694027940381773,-0.3333333333333333,2.130366526788651,-0.4694027940381773,-0.4694027940381773,0.0,-0.19355613383523898,2.868931722918695,-0.19355613383523898,0.0,-0.3485617981116172,-0.26726124191242434,-0.1856953381770519,-0.7518094115561123,0.0,-0.3485617981116172,0.0,-0.19355613383523898,0.0,0.0,-0.3435293617149026,-0.4472135954999579,0.7654430636568867,-0.5602397818244311,0.0,0.0,0.5602397818244311,0.4649905549752772
1.1610837605158126,1.131323122066538,-0.4649905549752772,1.7988786008250937,-0.5412160957239143,0.7243938275990082,0.7115308500884661,-0.17882817450638808,0.7182685093353824,0.4337668477621734,0.0,-0.5431059093556048,-0.4694027940381773,-0.3333333333333333,2.130366526788651,-0.4694027940381773,-0.4694027940381773,0.0,-0.19355613383523898,-0.3485617981116172,-0.19355613383523898,0.0,-0.3485617981116172,-0.26726124191242434,-0.1856953381770519,-0.7518094115561123,0.0,-0.3485617981116172,0.0,-0.19355613383523898,0.0,0.0,2.910959328215754,-0.4472135954999579,0.7654430636568867,-0.5602397818244311,0.0,0.0,0.5602397818244311,0.4649905549752772
1.1610837605158126,1.131323122066538,2.1505813167606567,1.7136142985743197,1.864188774160149,0.14495314895104108,-1.4054204394309369,-0.8431726458912989,0.7182685093353824,0.2982881480768787,0.0,-0.5431059093556048,-0.4694027940381773,-0.3333333333333333,2.130366526788651,-0.4694027940381773,-0.4694027940381773,0.0,-0.19355613383523898,-0.3485617981116172,5.166459880063687,0.0,-0.3485617981116172,-0.26726124191242434,-0.1856953381770519,-0.7518094115561123,0.0,-0.3485617981116172,0.0,-0.19355613383523898,0.0,0.0,-0.3435293617149026,-0.4472135954999579,0.7654430636568867,1.7849500025569083,0.0,0.0,-1.7849500025569083,-2.1505813167606562
1.1995514720734874,1.131323122066538,-0.4649905549752772,-1.3567706263540475,-0.5412160957239143,2.102675053509218,0.7115308500884661,2.288737004923281,0.7182685093353824,0.17998108434836224,0.0,1.8412614975714408,-0.4694027940381773,-0.3333333333333333,-0.4694027940381773,-0.4694027940381773,-0.4694027940381773,0.0,-0.19355613383523898,-0.3485617981116172,-0.19355613383523898,0.0,-0.3485617981116172,-0.26726124191242434,-0.1856953381770519,1.3301243435223524,0.0,-0.3485617981116172,0.0,-0.19355613383523898,0.0,0.0,-0.3435293617149026,-0.4472135954999579,0.7654430636568867,-0.5602397818244311,0.0,0.0,0.5602397818244311,0.4649905549752772
1.1995514720734874,1.131323122066538,-0.4649905549752772,-0.07693604869192547,-0.9421169073712581,1.8545844328453802,0.7115308500884661,2.32037245594161,0.7182685093353824,0.16652128586990966,0.0,1.8412614975714408,-0.4694027940381773,-0.3333333333333333,-0.4694027940381773,-0.4694027940381773,-0.4694027940381773,0.0,-0.19355613383523898,-0.3485617981116172,-0.19355613383523898,0.0,-0.3485617981116172,-0.26726124191242434,-0.1856953381770519,1.3301243435223524,0.0,-0.3485617981116172,0.0,-0.19355613383523898,0.0,0.0,-0.3435293617149026,-0.4472135954999579,-1.3064328981211524,-0.5602397818244311,0.0,0.0,0.5602397818244311,0.4649905549752772
1.1995514720734874,1.131323122066538,-0.4649905549752772,-0.46149545272092485,-0.5412160957239143,0.5865657050079864,0.7115308500884661,-0.14719272348805898,0.7182685093353824,0.579483874285059,0.0,-0.5431059093556048,-0.4694027940381773,-0.3333333333333333,-0.4694027940381773,-0.4694027940381773,-0.4694027940381773,0.0,-0.19355613383523898,2.868931722918695,-0.19355613383523898,0.0,-0.3485617981116172,-0.26726124191242434,-0.1856953381770519,-0.7518094115561123,0.0,-0.3485617981116172,0.0,-0.19355613383523898,0.0,0.0,-0.3435293617149026,-0.4472135954999579,0.7654430636568867,-0.5602397818244311,0.0,0.0,0.5602397818244311,0.4649905549752772
1.1995514720734874,1.131323122066538,-0.4649905549752772,-0.3762311504701512,-0.14031528407657037,0.6692625785625989,0.7115308500884661,-0.14719272348805898,0.7182685093353824,0.1112356682563475,0.0,-0.5431059093556048,-0.4694027940381773,-0.3333333333333333,-0.4694027940381773,-0.4694027940381773,-0.4694027940381773,0.0,-0.19355613383523898,-0.3485617981116172,-0.19355613383523898,0.0,-0.3485617981116172,-0.26726124191242434,-0.1856953381770519,-0.7518094115561123,0.0,2.868931722918695,0.0,-0.19355613383523898,0.0,0.0,-0.3435293617149026,2.23606797749979,-1.3064328981211524,-0.5602397818244311,0.0,0.0,0.5602397818244311,0.4649905549752772
1.1995514720734874,1.131323122066538,2.1505813167606567,0.0935925558096218,-0.5412160957239143,0.6968282030808032,0.7115308500884661,-0.14719272348805898,0.7182685093353824,0.6087419233738202,0.0,1.8412614975714408,-0.4694027940381773,-0.3333333333333333,-0.4694027940381773,-0.4694027940381773,-0.4694027940381773,0.0,-0.19355613383523898,-0.3485617981116172,-0.19355613383523898,0.0,-0.3485617981116172,-0.26726124191242434,-0.1856953381770519,-0.7518094115561123,0.0,-0.3485617981116172,0.0,-0.19355613383523898,0.0,0.0,2.910959328215754,-0.4472135954999579,0.7654430636568867,1.7849500025569083,0.0,0.0,-1.7849500025569083,-2.1505813167606562
1.238019183631162,1.131323122066538,-0.4649905549752772,-1.3567706263540475,1.864188774160149,-0.10313747171279677,-1.4054204394309369,-0.5268181357080081,0.7182685093353824,-0.08791809989477466,0.0,1.8412614975714408,-0.4694027940381773,2.9999999999999996,-0.4694027940381773,-0.4694027940381773,-0.4694027940381773,0.0,-0.19355613383523898,-0.3485617981116172,-0.19355613383523898,0.0,-0.3485617981116172,3.741657386773941,-0.1856953381770519,-0.7518094115561123,0.0,-0.3485617981116172,0.0,-0.19355613383523898,0.0,0.0,-0.3435293617149026,2.23606797749979,-1.3064328981211524,1.7849500025569083,0.0,0.0,-1.7849500025569083,0.4649905549752772
1.238019183631162,1.131323122066538,-0.4649905549752772,-0.11956819981731227,-0.9421169073712581,-0.764712460149698,0.7115308500884661,-0.49518268468967896,0.7182685093353824,-0.13383248052502955,0.0,-0.5431059093556048,-0.4694027940381773,2.9999999999999996,-0.4694027940381773,-0.4694027940381773,-0.4694027940381773,0.0,-0.19355613383523898,-0.3485617981116172,-0.19355613383523898,0.0,-0.3485617981116172,3.741657386773941,-0.1856953381770519,-0.7518094115561123,0.0,-0.3485617981116172,0.0,-0.19355613383523898,0.0,0.0,-0.3435293617149026,2.23606797749979,-1.3064328981211524,1.7849500025569083,0.0,0.0,-1.7849500025569083,0.4649905549752772
1.238019183631162,1.131323122066538,-0.4649905549752772,-0.0343038975665388,1.864188774160149,-0.764712460149698,-1.4054204394309369,-0.8431726458912989,0.7182685093353824,-0.40975663987115263,0.0,1.8412614975714408,-0.4694027940381773,2.9999999999999996,-0.4694027940381773,-0.4694027940381773,-0.4694027940381773,0.0,-0.19355613383523898,-0.3485617981116172,-0.19355613383523898,0.0,-0.3485617981116172,-0.26726124191242434,5.385164807134505,-0.7518094115561123,0.0,-0.3485617981116172,0.0,-0.19355613383523898,0.0,0.0,-0.3435293617149026,-0.4472135954999579,0.7654430636568867,1.7849500025569083,0.0,0.0,-1.7849500025569083,0.4649905549752772
1.3149546067465112,1.3999750507894626,-0.4649905549752772,-1.3567706263540475,0.26058552757077347,0.3379125205784709,-1.4054204394309369,2.32037245594161,0.7182685093353824,0.13921890234909817,0.0,-0.5431059093556048,2.130366526788651,-0.3333333333333333,-0.4694027940381773,-0.4694027940381773,-0.4694027940381773,0.0,-0.19355613383523898,-0.3485617981116172,-0.19355613383523898,0.0,-0.3485617981116172,-0.26726124191242434,-0.1856953381770519,1.3301243435223524,0.0,-0.3485617981116172,0.0,-0.19355613383523898,0.0,0.0,-0.3435293617149026,-0.4472135954999579,0.7654430636568867,-0.5602397818244311,0.0,0.0,0.5602397818244311,0.4649905549752772
1.3149546067465112,1.3999750507894626,-0.4649905549752772,1.5430856940727724,-0.9421169073712581,0.11738752443283615,0.7115308500884661,2.352007906959939,0.7182685093353824,0.18706775467007628,0.0,-0.5431059093556048,2.130366526788651,-0.3333333333333333,-0.4694027940381773,-0.4694027940381773,-0.4694027940381773,0.0,-0.19355613383523898,-0.3485617981116172,-0.19355613383523898,0.0,-0.3485617981116172,-0.26726124191242434,-0.1856953381770519,1.3301243435223524,0.0,-0.3485617981116172,0.0,-0.19355613383523898,0.0,0.0,-0.3435293617149026,-0.4472135954999579,0.7654430636568867,-0.5602397818244311,0.0,0.0,0.5602397818244311,0.4649905549752772
1.3149546067465112,1.3999750507894626,-0.4649905549752772,1.5430856940727724,1.0623871508654612,-0.5993187130404722,-1.4054204394309369,-0.14719272348805898,0.7182685093353824,0.11065846864847309,0.0,-0.5431059093556048,2.130366526788651,-0.3333333333333333,-0.4694027940381773,-0.4694027940381773,-0.4694027940381773,0.0,-0.19355613383523898,-0.3485617981116172,-0.19355613383523898,0.0,2.868931722918695,-0.26726124191242434,-0.1856953381770519,-0.7518094115561123,0.0,-0.3485617981116172,0.0,-0.19355613383523898,0.0,0.0,-0.3435293617149026,2.23606797749979,-1.3064328981211524,-0.5602397818244311,0.0,0.0,0.5602397818244311,0.4649905549752772
1.3149546067465112,1.3999750507894626,-0.4649905549752772,1.4151892406966122,-0.9421169073712581,0.11738752443283795,0.7115308500884661,-0.1155572724697299,0.7182685093353824,0.24890925748500323,0.0,1.8412614975714408,2.130366526788651,-0.3333333333333333,-0.4694027940381773,-0.4694027940381773,-0.4694027940381773,0.0,-0.19355613383523898,-0.3485617981116172,-0.19355613383523898,0.0,2.868931722918695,-0.26726124191242434,-0.1856953381770519,-0.7518094115561123,0.0,-0.3485617981116172,0.0,-0.19355613383523898,0.0,0.0,-0.3435293617149026,2.23606797749979,-1.3064328981211524,-0.5602397818244311,0.0,0.0,0.5602397818244311,0.4649905549752772
1.3149546067465112,1.3999750507894626,2.1505813167606567,1.4151892406966122,1.864188774160149,-0.46092802668377425,-1.4054204394309369,-0.8431726458912989,0.7182685093353824,-0.02311251633490548,0.0,-0.5431059093556048,2.130366526788651,-0.3333333333333333,-0.4694027940381773,-0.4694027940381773,-0.4694027940381773,0.0,-0.19355613383523898,-0.3485617981116172,-0.19355613383523898,0.0,-0.3485617981116172,-0.26726124191242434,-0.1856953381770519,-0.7518094115561123,0.0,-0.3485617981116172,0.0,5.166459880063687,0.0,0.0,-0.3435293617149026,-0.4472135954999579,0.7654430636568867,1.7849500025569083,0.0,0.0,-1.7849500025569083,-2.1505813167606562
1.3534223183041858,1.3999750507894626,-0.4649905549752772,-1.3567706263540475,-0.5412160957239143,1.164881256124597,0.7115308500884661,2.3836433579782685,0.7182685093353824,0.23263809021386445,0.0,-0.5431059093556048,-0.4694027940381773,-0.3333333333333333,-0.4694027940381773,2.130366526788651,-0.4694027940381773,0.0,-0.19355613383523898,-0.3485617981116172,-0.19355613383523898,0.0,-0.3485617981116172,-0.26726124191242434,-0.1856953381770519,1.3301243435223524,0.0,-0.3485617981116172,0.0,-0.19355613383523898,0.0,0.0,-0.3435293617149026,2.23606797749979,-1.3064328981211524,-0.5602397818244311,0.0,0.0,0.5602397818244311,0.4649905549752772
1.3534223183041858,1.3999750507894626,-0.4649905549752772,0.9888677294427444,-0.9421169073712581,2.1026750535092185,0.7115308500884661,2.4152788089965975,0.7182685093353824,0.2566288705244867,0.0,-0.5431059093556048,-0.4694027940381773,-0.3333333333333333,-0.4694027940381773,2.130366526788651,-0.4694027940381773,0.0,-0.19355613383523898,-0.3485617981116172,-0.19355613383523898,0.0,-0.3485617981116172,-0.26726124191242434,-0.1856953381770519,1.3301243435223524,0.0,-0.3485617981116172,0.0,-0.19355613383523898,0.0,0.0,-0.3435293617149026,2.23606797749979,-1.3064328981211524,-0.5602397818244311,0.0,0.0,0.5602397818244311,0.4649905549752772
1.3534223183041858,1.3999750507894626,-0.4649905549752772,0.9888677294427444,0.6614863392181173,-0.5717530885222688,-1.4054204394309369,-0.14719272348805898,0.7182685093353824,0.09467601054080316,0.0,-0.5431059093556048,-0.4694027940381773,-0.3333333333333333,-0.4694027940381773,2.130366526788651,-0.4694027940381773,0.0,-0.19355613383523898,-0.3485617981116172,-0.19355613383523898,0.0,-0.3485617981116172,-0.26726124191242434,-0.1856953381770519,-0.7518094115561123,0.0,2.868931722918695,0.0,-0.19355613383523898,0.0,0.0,-0.3435293617149026,-0.4472135954999579,0.7654430636568867,-0.5602397818244311,0.0,0.0,0.5602397818244311,0.4649905549752772
1.3534223183041858,1.3999750507894626,-0.4649905549752772,0.8609712760665839,0.6614863392181173,0.4206093941330833,-1.4054204394309369,-0.14719272348805898,0.7182685093353824,0.46479033151363774,0.0,-0.5431059093556048,-0.4694027940381773,-0.3333333333333333,-0.4694027940381773,2.130366526788651,-0.4694027940381773,0.0,-0.19355613383523898,2.868931722918695,-0.19355613383523898,0.0,-0.3485617981116172,-0.26726124191242434,-0.1856953381770519,-0.7518094115561123,0.0,-0.3485617981116172,0.0,-0.19355613383523898,0.0,0.0,-0.3435293617149026,-0.4472135954999579,0.7654430636568867,-0.5602397818244311,0.0,0.0,0.5602397818244311,0.4649905549752772
1.3534223183041858,1.3999750507894626,2.1505813167606567,0.7757069738158104,1.864188774160149,-0.653887398311204,-1.4054204394309369,-0.8431726458912989,0.7182685093353824,-0.31276720231364574,0.0,1.8412614975714408,-0.4694027940381773,-0.3333333333333333,-0.4694027940381773,2.130366526788651,-0.4694027940381773,0.0,5.166459880063687,-0.3485617981116172,-0.19355613383523898,0.0,-0.3485617981116172,-0.26726124191242434,-0.1856953381770519,-0.7518094115561123,0.0,-0.3485617981116172,0.0,-0.19355613383523898,0.0,0.0,-0.3435293617149026,-0.4472135954999579,-1.3064328981211524,1.7849500025569083,0.0,0.0,-1.7849500025569083,-2.1505813167606562
1.3918900298618606,1.3999750507894626,-0.4649905549752772,-1.3567706263540475,-0.5412160957239143,1.7443219347725634,0.7115308500884661,2.4469142600149265,1.78676711826405,-2.277295922863333,0.0,-0.5431059093556048,-0.4694027940381773,-0.3333333333333333,-0.4694027940381773,-0.4694027940381773,2.130366526788651,0.0,-0.19355613383523898,-0.3485617981116172,-0.19355613383523898,0.0,-0.3485617981116172,-0.26726124191242434,-0.1856953381770519,1.3301243435223524,0.0,-0.3485617981116172,0.0,-0.19355613383523898,0.0,0.0,-0.3435293617149026,-0.4472135954999579,0.7654430636568867,-0.5602397818244311,0.0,0.0,0.5602397818244311,0.4649905549752772
1.3918900298618606,1.3999750507894626,-0.4649905549752772,-0.24746465319347272,-0.9421169073712581,0.5865657050079859,0.7115308500884661,2.4785497110332555,1.78676711826405,-0.602421888292386,0.0,1.8412614975714408,-0.4694027940381773,-0.3333333333333333,-0.4694027940381773,-0.4694027940381773,2.130366526788651,0.0,-0.19355613383523898,-0.3485617981116172,-0.19355613383523898,0.0,-0.3485617981116172,-0.26726124191242434,-0.1856953381770519,1.3301243435223524,0.0,-0.3485617981116172,0.0,-0.19355613383523898,0.0,0.0,-0.3435293617149026,-0.4472135954999579,0.7654430636568867,-0.5602397818244311,0.0,0.0,0.5602397818244311,0.4649905549752772
1.3918900298618606,1.3999750507894626,-0.4649905549752772,-0.24746465319347272,1.0623871508654612,0.6416969540443951,-1.4054204394309369,-0.14719272348805898,1.78676711826405,-2.277295922863333,0.0,-0.5431059093556048,-0.4694027940381773,-0.3333333333333333,-0.4694027940381773,-0.4694027940381773,2.130366526788651,0.0,-0.19355613383523898,-0.3485617981116172,-0.19355613383523898,0.0,-0.3485617981116172,-0.26726124191242434,-0.1856953381770519,-0.7518094115561123,0.0,-0.3485617981116172,0.0,-0.19355613383523898,0.0,0.0,2.910959328215754,-0.4472135954999579,0.7654430636568867,-0.5602397818244311,0.0,0.0,0.5602397818244311,0.4649905549752772
1.3918900298618606,1.3999750507894626,-0.4649905549752772,-0.11956819981731227,-0.5412160957239143,0.17308133723492317,0.7115308500884661,-0.1155572724697299,1.78676711826405,-2.277295922863333,0.0,-0.5431059093556048,-0.4694027940381773,-0.3333333333333333,-0.4694027940381773,-0.4694027940381773,2.130366526788651,0.0,-0.19355613383523898,-0.3485617981116172,-0.19355613383523898,0.0,-0.3485617981116172,-0.26726124191242434,-0.1856953381770519,-0.7518094115561123,0.0,2.868931722918695,0.0,-0.19355613383523898,0.0,0.0,-0.3435293617149026,-0.4472135954999579,0.7654430636568867,-0.5602397818244311,0.0,0.0,0.5602397818244311,0.4649905549752772
1.3918900298618606,1.3999750507894626,2.1505813167606567,-0.46149545272092485,-0.14031528407657037,1.2205750689266845,0.7115308500884661,-0.0839218214514008,1.78676711826405,-2.277295922863333,0.0,1.8412614975714408,-0.4694027940381773,-0.3333333333333333,-0.4694027940381773,-0.4694027940381773,2.130366526788651,0.0,-0.19355613383523898,-0.3485617981116172,-0.19355613383523898,0.0,2.868931722918695,-0.26726124191242434,-0.1856953381770519,-0.7518094115561123,0.0,-0.3485617981116172,0.0,-0.19355613383523898,0.0,0.0,-0.3435293617149026,-0.4472135954999579,0.7654430636568867,-0.5602397818244311,0.0,0.0,0.5602397818244311,-2.1505813167606562
1.4303577414195352,1.3999750507894626,-0.4649905549752772,-1.3567706263540475,-0.5412160957239143,-0.212837406019937,0.7115308500884661,2.5101851620515845,1.78676711826405,-0.602421888292386,0.0,-0.5431059093556048,-0.4694027940381773,-0.3333333333333333,2.130366526788651,-0.4694027940381773,-0.4694027940381773,0.0,-0.19355613383523898,-0.3485617981116172,-0.19355613383523898,0.0,-0.3485617981116172,-0.26726124191242434,-0.1856953381770519,1.3301243435223524,0.0,-0.3485617981116172,0.0,-0.19355613383523898,0.0,0.0,-0.3435293617149026,-0.4472135954999579,0.7654430636568867,-0.5602397818244311,0.0,0.0,0.5602397818244311,0.4649905549752772
1.4303577414195352,1.3999750507894626,-0.4649905549752772,1.7136142985743197,-0.9421169073712581,0.255778210789535,0.7115308500884661,2.541820613069914,1.78676711826405,0.38454963430183936,0.0,1.8412614975714408,-0.4694027940381773,-0.3333333333333333,2.130366526788651,-0.4694027940381773,-0.4694027940381773,0.0,-0.19355613383523898,-0.3485617981116172,-0.19355613383523898,0.0,-0.3485617981116172,-0.26726124191242434,-0.1856953381770519,1.3301243435223524,0.0,-0.3485617981116172,0.0,-0.19355613383523898,0.0,0.0,-0.3435293617149026,-0.4472135954999579,0.7654430636568867,-0.5602397818244311,0.0,0.0,0.5602397818244311,0.4649905549752772
1.4303577414195352,1.3999750507894626,-0.4649905549752772,1.7136142985743197,-0.14031528407657037,0.8892250109425559,0.7115308500884661,-0.1155572724697299,1.78676711826405,-2.277295922863333,0.0,-0.5431059093556048,-0.4694027940381773,-0.3333333333333333,2.130366526788651,-0.4694027940381773,-0.4694027940381773,0.0,-0.19355613383523898,2.868931722918695,-0.19355613383523898,0.0,-0.3485617981116172,-0.26726124191242434,-0.1856953381770519,-0.7518094115561123,0.0,-0.3485617981116172,0.0,-0.19355613383523898,0.0,0.0,-0.3435293617149026,-0.4472135954999579,0.7654430636568867,-0.5602397818244311,0.0,0.0,0.5602397818244311,0.4649905549752772
1.4303577414195352,1.3999750507894626,-0.4649905549752772,1.5430856940727724,-0.5412160957239143,0.6416969540443951,0.7115308500884661,-0.1155572724697299,1.78676711826405,-0.40931876430655906,0.0,-0.5431059093556048,-0.4694027940381773,-0.3333333333333333,2.130366526788651,-0.4694027940381773,-0.4694027940381773,0.0,-0.19355613383523898,-0.3485617981116172,-0.19355613383523898,0.0,-0.3485617981116172,-0.26726124191242434,-0.1856953381770519,-0.7518094115561123,0.0,-0.3485617981116172,0.0,-0.19355613383523898,0.0,0.0,2.910959328215754,-0.4472135954999579,0.7654430636568867,-0.5602397818244311,0.0,0.0,0.5602397818244311,0.4649905549752772
1.4303577414195352,1.3999750507894626,2.1505813167606567,1.4151892406966122,1.864188774160149,1.05461875805178,-1.4054204394309369,-0.8431726458912989,1.78676711826405,-2.277295922863333,0.0,-0.5431059093556048,-0.4694027940381773,-0.3333333333333333,2.130366526788651,-0.4694027940381773,-0.4694027940381773,0.0,-0.19355613383523898,-0.3485617981116172,5.166459880063687,0.0,-0.3485617981116172,-0.26726124191242434,-0.1856953381770519,-0.7518094115561123,0.0,-0.3485617981116172,0.0,-0.19355613383523898,0.0,0.0,-0.3435293617149026,-0.4472135954999579,0.7654430636568867,1.7849500025569083,0.0,0.0,-1.7849500025569083,-2.1505813167606562
1.4688254529772098,1.3999750507894626,-0.4649905549752772,-1.3567706263540475,-0.5412160957239143,1.5237969386269292,0.7115308500884661,2.573456064088243,1.78676711826405,0.8780353955989529,0.0,-0.5431059093556048,-0.4694027940381773,-0.3333333333333333,-0.4694027940381773,-0.4694027940381773,-0.4694027940381773,0.0,-0.19355613383523898,-0.3485617981116172,-0.19355613383523898,0.0,-0.3485617981116172,-0.26726124191242434,-0.1856953381770519,1.3301243435223524,0.0,-0.3485617981116172,0.0,-0.19355613383523898,0.0,0.0,-0.3435293617149026,-0.4472135954999579,0.7654430636568867,-0.5602397818244311,0.0,0.0,0.5602397818244311,0.4649905549752772
1.4688254529772098,1.3999750507894626,-0.4649905549752772,0.9888677294427444,-0.9421169073712581,2.323200049654852,0.7115308500884661,2.605091515106572,1.78676711826405,0.9552766451932838,0.0,-0.5431059093556048,-0.4694027940381773,-0.3333333333333333,-0.4694027940381773,-0.4694027940381773,-0.4694027940381773,0.0,-0.19355613383523898,-0.3485617981116172,-0.19355613383523898,0.0,-0.3485617981116172,-0.26726124191242434,-0.1856953381770519,1.3301243435223524,0.0,-0.3485617981116172,0.0,-0.19355613383523898,0.0,0.0,-0.3435293617149026,-0.4472135954999579,-1.3064328981211524,-0.5602397818244311,0.0,0.0,0.5602397818244311,0.4649905549752772
1.4688254529772098,1.3999750507894626,-0.4649905549752772,0.9888677294427444,-0.5412160957239143,0.7238312638333299,0.7115308500884661,-0.0839218214514008,1.78676711826405,2.1010218475091893,0.0,1.8412614975714408,-0.4694027940381773,-0.3333333333333333,-0.4694027940381773,-0.4694027940381773,-0.4694027940381773,0.0,-0.19355613383523898,2.868931722918695,-0.19355613383523898,0.0,-0.3485617981116172,-0.26726124191242434,-0.1856953381770519,-0.7518094115561123,0.0,-0.3485617981116172,0.0,-0.19355613383523898,0.0,0.0,-0.3435293617149026,-0.4472135954999579,-1.3064328981211524,-0.5602397818244311,0.0,0.0,0.5602397818244311,0.4649905549752772
1.4688254529772098,1.3999750507894626,-0.4649905549752772,0.7757069738158104,-0.14031528407657037,-0.21339996978561412,0.7115308500884661,-0.0839218214514008,1.78676711826405,-0.9255740549625452,0.0,-0.5431059093556048,-0.4694027940381773,-0.3333333333333333,-0.4694027940381773,-0.4694027940381773,-0.4694027940381773,0.0,-0.19355613383523898,-0.3485617981116172,-0.19355613383523898,0.0,-0.3485617981116172,-0.26726124191242434,-0.1856953381770519,-0.7518094115561123,0.0,2.868931722918695,0.0,-0.19355613383523898,0.0,0.0,-0.3435293617149026,-0.4472135954999579,0.7654430636568867,-0.5602397818244311,0.0,0.0,0.5602397818244311,0.4649905549752772
1.4688254529772098,1.3999750507894626,2.1505813167606567,0.6904426715650369,-0.5412160957239143,0.44873758241696476,0.7115308500884661,-0.0839218214514008,1.78676711826405,0.7492999796084017,0.0,-0.5431059093556048,-0.4694027940381773,-0.3333333333333333,-0.4694027940381773,-0.4694027940381773,-0.4694027940381773,0.0,-0.19355613383523898,-0.3485617981116172,-0.19355613383523898,0.0,-0.3485617981116172,-0.26726124191242434,-0.1856953381770519,-0.7518094115561123,0.0,-0.3485617981116172,0.0,-0.19355613383523898,0.0,0.0,2.910959328215754,-0.4472135954999579,0.7654430636568867,-0.5602397818244311,0.0,0.0,0.5602397818244311,-2.1505813167606562
1.5072931645348844,1.3999750507894626,-0.4649905549752772,-1.3567706263540475,1.864188774160149,-0.5987561492747954,-1.4054204394309369,-0.49518268468967896,1.78676711826405,-2.277295922863333,0.0,1.8412614975714408,-0.4694027940381773,2.9999999999999996,-0.4694027940381773,-0.4694027940381773,-0.4694027940381773,0.0,-0.19355613383523898,-0.3485617981116172,-0.19355613383523898,0.0,-0.3485617981116172,3.741657386773941,-0.1856953381770519,-0.7518094115561123,0.0,-0.3485617981116172,0.0,-0.19355613383523898,0.0,0.0,-0.3435293617149026,-0.4472135954999579,-1.3064328981211524,1.7849500025569083,0.0,0.0,-1.7849500025569083,0.4649905549752772
1.5072931645348844,1.3999750507894626,-0.4649905549752772,-0.33359899934476445,-0.9421169073712581,-0.8474093337043107,0.7115308500884661,-0.46354723367134987,1.78676711826405,-0.7324709309767183,0.0,1.8412614975714408,-0.4694027940381773,2.9999999999999996,-0.4694027940381773,-0.4694027940381773,-0.4694027940381773,0.0,-0.19355613383523898,-0.3485617981116172,-0.19355613383523898,0.0,-0.3485617981116172,3.741657386773941,-0.1856953381770519,-0.7518094115561123,0.0,-0.3485617981116172,0.0,-0.19355613383523898,0.0,0.0,-0.3435293617149026,-0.4472135954999579,-1.3064328981211524,1.7849500025569083,0.0,0.0,-1.7849500025569083,0.4649905549752772
1.5072931645348844,1.3999750507894626,-0.4649905549752772,-0.16220035094269908,1.864188774160149,-1.0954999543681487,-1.4054204394309369,-0.8431726458912989,1.78676711826405,-2.277295922863333,0.0,-0.5431059093556048,-0.4694027940381773,2.9999999999999996,-0.4694027940381773,-0.4694027940381773,-0.4694027940381773,0.0,-0.19355613383523898,-0.3485617981116172,-0.19355613383523898,0.0,-0.3485617981116172,-0.26726124191242434,5.385164807134505,-0.7518094115561123,0.0,-0.3485617981116172,0.0,-0.19355613383523898,0.0,0.0,-0.3435293617149026,-0.4472135954999579,0.7654430636568867,1.7849500025569083,0.0,0.0,-1.7849500025569083,0.4649905549752772
1.5842285876502338,1.6686269795123871,-0.4649905549752772,-1.3567706263540475,0.26058552757077347,1.8545844328453802,-1.4054204394309369,2.605091515106572,1.78676711826405,1.0067708115895042,0.0,1.8412614975714408,2.130366526788651,-0.3333333333333333,-0.4694027940381773,-0.4694027940381773,-0.4694027940381773,0.0,-0.19355613383523898,-0.3485617981116172,-0.19355613383523898,0.0,-0.3485617981116172,-0.26726124191242434,-0.1856953381770519,1.3301243435223524,0.0,-0.3485617981116172,0.0,-0.19355613383523898,0.0,0.0,-0.3435293617149026,-0.4472135954999579,0.7654430636568867,-0.5602397818244311,0.0,0.0,0.5602397818244311,0.4649905549752772
1.5842285876502338,1.6686269795123871,-0.4649905549752772,-0.5041276038463115,-0.9421169073712581,0.4206093941330827,0.7115308500884661,2.636726966124901,1.78676711826405,0.7215261580827436,0.0,-0.5431059093556048,2.130366526788651,-0.3333333333333333,-0.4694027940381773,-0.4694027940381773,-0.4694027940381773,0.0,-0.19355613383523898,-0.3485617981116172,-0.19355613383523898,0.0,-0.3485617981116172,-0.26726124191242434,-0.1856953381770519,1.3301243435223524,0.0,-0.3485617981116172,0.0,-0.19355613383523898,0.0,0.0,-0.3435293617149026,-0.4472135954999579,-1.3064328981211524,-0.5602397818244311,0.0,0.0,0.5602397818244311,0.4649905549752772
1.5842285876502338,1.6686269795123871,-0.4649905549752772,0.22148900918578207,1.0623871508654612,1.1378781953720727,-1.4054204394309369,-0.0839218214514008,1.78676711826405,-0.602421888292386,0.0,-0.5431059093556048,2.130366526788651,-0.3333333333333333,-0.4694027940381773,-0.4694027940381773,-0.4694027940381773,0.0,-0.19355613383523898,-0.3485617981116172,-0.19355613383523898,0.0,2.868931722918695,-0.26726124191242434,-0.1856953381770519,-0.7518094115561123,0.0,-0.3485617981116172,0.0,-0.19355613383523898,0.0,0.0,-0.3435293617149026,-0.4472135954999579,0.7654430636568867,-0.5602397818244311,0.0,0.0,0.5602397818244311,0.4649905549752772
1.5842285876502338,1.6686269795123871,-0.4649905549752772,0.2641211603111687,-0.9421169073712581,0.39360633338055667,0.7115308500884661,-0.052286370433071716,1.78676711826405,-0.21621564032073237,0.0,1.8412614975714408,2.130366526788651,-0.3333333333333333,-0.4694027940381773,-0.4694027940381773,-0.4694027940381773,0.0,-0.19355613383523898,-0.3485617981116172,-0.19355613383523898,0.0,2.868931722918695,-0.26726124191242434,-0.1856953381770519,-0.7518094115561123,0.0,-0.3485617981116172,0.0,-0.19355613383523898,0.0,0.0,-0.3435293617149026,-0.4472135954999579,-1.3064328981211524,-0.5602397818244311,0.0,0.0,0.5602397818244311,0.4649905549752772
1.5842285876502338,1.6686269795123871,2.1505813167606567,0.22148900918578207,1.864188774160149,0.4763032069351697,-1.4054204394309369,-0.8431726458912989,1.78676711826405,-2.277295922863333,0.0,-0.5431059093556048,2.130366526788651,-0.3333333333333333,-0.4694027940381773,-0.4694027940381773,-0.4694027940381773,0.0,-0.19355613383523898,-0.3485617981116172,-0.19355613383523898,0.0,-0.3485617981116172,-0.26726124191242434,-0.1856953381770519,-0.7518094115561123,0.0,-0.3485617981116172,0.0,5.166459880063687,0.0,0.0,-0.3435293617149026,-0.4472135954999579,0.7654430636568867,1.7849500025569083,0.0,0.0,-1.7849500025569083,-2.1505813167606562
1.6226962992079084,1.6686269795123871,-0.4649905549752772,-1.3567706263540475,-0.5412160957239143,-0.07557184719459244,0.7115308500884661,2.6683624171432303,1.78676711826405,0.6445382507793562,0.0,-0.5431059093556048,-0.4694027940381773,-0.3333333333333333,-0.4694027940381773,2.130366526788651,-0.4694027940381773,0.0,-0.19355613383523898,-0.3485617981116172,-0.19355613383523898,0.0,-0.3485617981116172,-0.26726124191242434,-0.1856953381770519,1.3301243435223524,0.0,-0.3485617981116172,0.0,-0.19355613383523898,0.0,0.0,-0.3435293617149026,-0.4472135954999579,0.7654430636568867,-0.5602397818244311,0.0,0.0,0.5602397818244311,0.4649905549752772
1.6226962992079084,1.6686269795123871,-0.4649905549752772,-0.24746465319347272,-0.9421169073712581,-0.8749749582225163,0.7115308500884661,2.6999978681615593,1.78676711826405,0.5059871242158295,0.0,-0.5431059093556048,-0.4694027940381773,-0.3333333333333333,-0.4694027940381773,2.130366526788651,-0.4694027940381773,0.0,-0.19355613383523898,-0.3485617981116172,-0.19355613383523898,0.0,-0.3485617981116172,-0.26726124191242434,-0.1856953381770519,1.3301243435223524,0.0,-0.3485617981116172,0.0,-0.19355613383523898,0.0,0.0,-0.3435293617149026,-0.4472135954999579,0.7654430636568867,-0.5602397818244311,0.0,0.0,0.5602397818244311,0.4649905549752772
1.6226962992079084,1.6686269795123871,-0.4649905549752772,-0.33359899934476445,0.6614863392181173,0.17251877346924543,-1.4054204394309369,-0.0839218214514008,1.78676711826405,-0.05595318367943385,0.0,-0.5431059093556048,-0.4694027940381773,-0.3333333333333333,-0.4694027940381773,2.130366526788651,-0.4694027940381773,0.0,-0.19355613383523898,-0.3485617981116172,-0.19355613383523898,0.0,-0.3485617981116172,-0.26726124191242434,-0.1856953381770519,-0.7518094115561123,0.0,2.868931722918695,0.0,-0.19355613383523898,0.0,0.0,-0.3435293617149026,2.23606797749979,-1.3064328981211524,-0.5602397818244311,0.0,0.0,0.5602397818244311,0.4649905549752772
1.6226962992079084,1.6686269795123871,-0.4649905549752772,-0.0343038975665388,0.6614863392181173,1.4686656895905223,-1.4054204394309369,-0.0839218214514008,1.78676711826405,1.5217124755517093,0.0,-0.5431059093556048,-0.4694027940381773,-0.3333333333333333,-0.4694027940381773,2.130366526788651,-0.4694027940381773,0.0,-0.19355613383523898,2.868931722918695,-0.19355613383523898,0.0,-0.3485617981116172,-0.26726124191242434,-0.1856953381770519,-0.7518094115561123,0.0,-0.3485617981116172,0.0,-0.19355613383523898,0.0,0.0,-0.3435293617149026,-0.4472135954999579,0.7654430636568867,-0.5602397818244311,0.0,0.0,0.5602397818244311,0.4649905549752772
1.6226962992079084,1.6686269795123871,2.1505813167606567,-0.24746465319347272,1.864188774160149,-0.24040303053814016,-1.4054204394309369,-0.8431726458912989,1.78676711826405,-2.277295922863333,0.0,-0.5431059093556048,-0.4694027940381773,-0.3333333333333333,-0.4694027940381773,2.130366526788651,-0.4694027940381773,0.0,5.166459880063687,-0.3485617981116172,-0.19355613383523898,0.0,-0.3485617981116172,-0.26726124191242434,-0.1856953381770519,-0.7518094115561123,0.0,-0.3485617981116172,0.0,-0.19355613383523898,0.0,0.0,-0.3435293617149026,-0.4472135954999579,0.7654430636568867,1.7849500025569083,0.0,0.0,-1.7849500025569083,-2.1505813167606562
1.661164010765583,1.6686269795123871,-0.4649905549752772,-1.3567706263540475,-0.5412160957239143,-0.7647124601496994,0.7115308500884661,2.7316333191798883,1.78676711826405,0.38214131869657475,0.0,-0.5431059093556048,-0.4694027940381773,-0.3333333333333333,-0.4694027940381773,-0.4694027940381773,2.130366526788651,0.0,-0.19355613383523898,-0.3485617981116172,-0.19355613383523898,0.0,-0.3485617981116172,-0.26726124191242434,-0.1856953381770519,1.3301243435223524,0.0,-0.3485617981116172,0.0,-0.19355613383523898,0.0,0.0,-0.3435293617149026,-0.4472135954999579,0.7654430636568867,-0.5602397818244311,0.0,0.0,0.5602397818244311,0.4649905549752772
1.661164010765583,1.6686269795123871,-0.4649905549752772,-0.2909668482193776,-0.9421169073712581,-1.0960625181338275,0.7115308500884661,2.7632687701982173,1.78676711826405,0.2866645421803909,0.0,-0.5431059093556048,-0.4694027940381773,-0.3333333333333333,-0.4694027940381773,-0.4694027940381773,2.130366526788651,0.0,-0.19355613383523898,-0.3485617981116172,-0.19355613383523898,0.0,-0.3485617981116172,-0.26726124191242434,-0.1856953381770519,1.3301243435223524,0.0,-0.3485617981116172,0.0,-0.19355613383523898,0.0,0.0,-0.3435293617149026,-0.4472135954999579,0.7654430636568867,-0.5602397818244311,0.0,0.0,0.5602397818244311,0.4649905549752772
1.661164010765583,1.6686269795123871,-0.4649905549752772,0.2641211603111687,1.0623871508654612,0.6692625785625989,-1.4054204394309369,-0.0839218214514008,1.78676711826405,0.7063881742782178,0.0,-0.5431059093556048,-0.4694027940381773,-0.3333333333333333,-0.4694027940381773,-0.4694027940381773,2.130366526788651,0.0,-0.19355613383523898,-0.3485617981116172,-0.19355613383523898,0.0,-0.3485617981116172,-0.26726124191242434,-0.1856953381770519,-0.7518094115561123,0.0,-0.3485617981116172,0.0,-0.19355613383523898,0.0,0.0,2.910959328215754,-0.4472135954999579,0.7654430636568867,-0.5602397818244311,0.0,0.0,0.5602397818244311,0.4649905549752772
1.661164010765583,1.6686269795123871,-0.4649905549752772,0.22148900918578207,-0.5412160957239143,-0.4063593414130433,0.7115308500884661,-0.052286370433071716,1.78676711826405,-0.13082990522495858,0.0,-0.5431059093556048,-0.4694027940381773,-0.3333333333333333,-0.4694027940381773,-0.4694027940381773,2.130366526788651,0.0,-0.19355613383523898,-0.3485617981116172,-0.19355613383523898,0.0,-0.3485617981116172,-0.26726124191242434,-0.1856953381770519,-0.7518094115561123,0.0,2.868931722918695,0.0,-0.19355613383523898,0.0,0.0,-0.3435293617149026,-0.4472135954999579,0.7654430636568867,-0.5602397818244311,0.0,0.0,0.5602397818244311,0.4649905549752772
1.661164010765583,1.6686269795123871,2.1505813167606567,-0.0343038975665388,-0.14031528407657037,-0.37823115312916067,0.7115308500884661,-0.020650919414742626,1.78676711826405,-0.1089361269952733,0.0,-0.5431059093556048,-0.4694027940381773,-0.3333333333333333,-0.4694027940381773,-0.4694027940381773,2.130366526788651,0.0,-0.19355613383523898,-0.3485617981116172,-0.19355613383523898,0.0,2.868931722918695,-0.26726124191242434,-0.1856953381770519,-0.7518094115561123,0.0,-0.3485617981116172,0.0,-0.19355613383523898,0.0,0.0,-0.3435293617149026,2.23606797749979,-1.3064328981211524,-0.5602397818244311,0.0,0.0,0.5602397818244311,-2.1505813167606562
1.6996317223232575,1.6686269795123871,-0.4649905549752772,-1.3567706263540475,-0.5412160957239143,-0.7652750239153766,0.7115308500884661,2.7949042212165467,1.78676711826405,0.27694171430293507,0.0,1.8412614975714408,-0.4694027940381773,-0.3333333333333333,2.130366526788651,-0.4694027940381773,-0.4694027940381773,0.0,-0.19355613383523898,-0.3485617981116172,-0.19355613383523898,0.0,-0.3485617981116172,-0.26726124191242434,-0.1856953381770519,1.3301243435223524,0.0,-0.3485617981116172,0.0,-0.19355613383523898,0.0,0.0,-0.3435293617149026,-0.4472135954999579,-1.3064328981211524,-0.5602397818244311,0.0,0.0,0.5602397818244311,0.4649905549752772
1.6996317223232575,1.6686269795123871,-0.4649905549752772,1.1167641828189048,-0.9421169073712581,0.17251877346924543,0.7115308500884661,2.8265396722348757,1.78676711826405,0.3677419491685892,0.0,-0.5431059093556048,-0.4694027940381773,-0.3333333333333333,2.130366526788651,-0.4694027940381773,-0.4694027940381773,0.0,-0.19355613383523898,-0.3485617981116172,-0.19355613383523898,0.0,-0.3485617981116172,-0.26726124191242434,-0.1856953381770519,1.3301243435223524,0.0,-0.3485617981116172,0.0,-0.19355613383523898,0.0,0.0,-0.3435293617149026,-0.4472135954999579,0.7654430636568867,-0.5602397818244311,0.0,0.0,0.5602397818244311,0.4649905549752772
1.6996317223232575,1.6686269795123871,-0.4649905549752772,1.1167641828189048,-0.14031528407657037,0.8070907011536206,0.7115308500884661,-0.052286370433071716,1.78676711826405,0.8136676876036776,0.0,-0.5431059093556048,-0.4694027940381773,-0.3333333333333333,2.130366526788651,-0.4694027940381773,-0.4694027940381773,0.0,-0.19355613383523898,2.868931722918695,-0.19355613383523898,0.0,-0.3485617981116172,-0.26726124191242434,-0.1856953381770519,-0.7518094115561123,0.0,-0.3485617981116172,0.0,-0.19355613383523898,0.0,0.0,-0.3435293617149026,2.23606797749979,-1.3064328981211524,-0.5602397818244311,0.0,0.0,0.5602397818244311,0.4649905549752772
1.6996317223232575,1.6686269795123871,-0.4649905549752772,0.9888677294427444,-0.5412160957239143,0.889787574708233,0.7115308500884661,-0.052286370433071716,1.78676711826405,0.556196855622575,0.0,1.8412614975714408,-0.4694027940381773,-0.3333333333333333,2.130366526788651,-0.4694027940381773,-0.4694027940381773,0.0,-0.19355613383523898,-0.3485617981116172,-0.19355613383523898,0.0,-0.3485617981116172,-0.26726124191242434,-0.1856953381770519,-0.7518094115561123,0.0,-0.3485617981116172,0.0,-0.19355613383523898,0.0,0.0,2.910959328215754,-0.4472135954999579,-1.3064328981211524,-0.5602397818244311,0.0,0.0,0.5602397818244311,0.4649905549752772
1.6996317223232575,1.6686269795123871,2.1505813167606567,0.8609712760665839,1.864188774160149,0.9719218844971677,-1.4054204394309369,-0.8431726458912989,1.78676711826405,1.5860801835469847,0.0,1.8412614975714408,-0.4694027940381773,-0.3333333333333333,2.130366526788651,-0.4694027940381773,-0.4694027940381773,0.0,-0.19355613383523898,-0.3485617981116172,5.166459880063687,0.0,-0.3485617981116172,-0.26726124191242434,-0.1856953381770519,-0.7518094115561123,0.0,-0.3485617981116172,0.0,-0.19355613383523898,0.0,0.0,-0.3435293617149026,-0.4472135954999579,0.7654430636568867,1.7849500025569083,0.0,0.0,-1.7849500025569083,-2.1505813167606562
